,job_name,norm_job_submit_time,gpu_milli,ddl,A100,GTX2080Ti,V100
1,openb-pod-7884,0,320,inf,2536.0,3856,6342
2,openb-pod-2884,0,320,22908.0,14587.0,27230,38285
3,openb-pod-3253,0,650,inf,1772.0,3115,4483
4,openb-pod-2439,0,320,inf,1749.0,3056,4384
5,openb-pod-6778,0,650,inf,1005.0,1443,2563
6,openb-pod-3068,0,460,inf,1229.0,2387,3111
7,openb-pod-2718,0,470,inf,4192.0,7458,10097
8,openb-pod-1467,0,460,inf,1350.0,2530,3504
9,openb-pod-1869,0,650,inf,1138.0,2221,2739
10,openb-pod-2957,0,650,inf,1661.0,3088,4413
11,openb-pod-1808,0,320,inf,3855.0,5697,9518
12,openb-pod-1773,0,650,inf,1062.0,1945,2570
13,openb-pod-4291,0,650,inf,3197.0,4558,7877
14,openb-pod-7737,0,460,inf,1200.0,2377,3141
15,openb-pod-3868,0,320,inf,5523.0,8866,13546
16,openb-pod-7234,0,470,59849.0,23731.0,45278,61921
17,openb-pod-4479,0,320,inf,6069.0,10255,15316
18,openb-pod-5365,0,160,1489.0,1016.0,1814,2676
19,openb-pod-3864,0,230,4227.0,1417.0,2651,3637
20,openb-pod-5901,0,160,inf,2848.0,3988,6924
21,openb-pod-7941,0,320,inf,11136.0,21347,28959
22,openb-pod-7728,0,460,inf,1200.0,2264,3045
23,openb-pod-6369,0,470,inf,1086.0,1996,2871
24,openb-pod-7280,0,460,inf,2039.0,3845,5119
25,openb-pod-1315,0,470,inf,3580.0,5142,8883
26,openb-pod-4733,0,110,inf,22724.0,34533,54827
27,openb-pod-1544,0,160,inf,2175.0,3960,5491
28,openb-pod-6749,0,460,inf,2371.0,4279,5706
29,openb-pod-5036,0,460,inf,1528.0,2254,3749
30,openb-pod-5009,0,650,inf,2590.0,3676,6628
31,openb-pod-6520,0,460,4652.0,2399.0,4318,6119
32,openb-pod-7279,0,160,inf,3036.0,4337,7500
33,openb-pod-2354,0,220,inf,21304.0,41886,56257
34,openb-pod-5906,0,160,inf,1301.0,1949,3399
35,openb-pod-3301,0,810,inf,44558.0,74195,110703
36,openb-pod-2145,0,650,inf,1694.0,2680,4098
37,openb-pod-5889,0,470,inf,2479.0,3657,6020
38,openb-pod-4085,0,320,inf,1201.0,2181,2914
39,openb-pod-3297,0,460,inf,1736.0,2498,4609
40,openb-pod-7938,0,320,16490.0,6693.0,10359,16443
41,openb-pod-1254,0,650,inf,1365.0,2050,3317
42,openb-pod-3121,0,320,inf,1151.0,1797,2855
43,openb-pod-4625,0,470,inf,1710.0,2608,4438
44,openb-pod-4173,0,470,inf,1567.0,2782,3792
45,openb-pod-2105,0,460,inf,64498.0,91998,156317
46,openb-pod-7696,0,220,28408.0,14192.0,20404,35583
47,openb-pod-2175,0,650,inf,1377.0,2680,3488
48,openb-pod-7739,0,320,34092.0,12198.0,17462,30950
49,openb-pod-6297,0,470,inf,7748.0,13869,19287
50,openb-pod-2418,0,470,inf,2479.0,4810,6367
51,openb-pod-8116,0,320,inf,23843.0,38674,59194
52,openb-pod-6810,0,320,30825.0,12578.0,20648,30948
53,openb-pod-2950,0,320,inf,2818.0,4515,7433
54,openb-pod-3563,0,230,inf,3578.0,5481,9495
55,openb-pod-3367,0,470,inf,1020.0,1434,2616
56,openb-pod-3583,0,460,inf,1796.0,3178,4589
57,openb-pod-3215,0,220,inf,10704.0,18402,27023
58,openb-pod-7527,0,810,inf,62517.0,108661,151133
59,openb-pod-6559,0,460,4680.0,1619.0,2821,4246
60,openb-pod-2455,0,470,inf,8999.0,15512,21863
61,openb-pod-1094,0,230,5287.0,2524.0,4219,6202
62,openb-pod-1352,0,320,inf,31053.0,52299,79999
63,openb-pod-5275,0,460,inf,2580.0,5141,6212
64,openb-pod-1610,0,160,inf,1281.0,1970,3344
65,openb-pod-2244,0,320,inf,5366.0,8014,13967
66,openb-pod-5171,0,320,inf,16793.0,24050,43673
67,openb-pod-3909,0,110,inf,22724.0,39359,54638
68,openb-pod-6752,0,650,inf,1453.0,2495,3521
69,openb-pod-1337,0,460,inf,12475899.0,23360008,30161973
70,openb-pod-3784,0,320,inf,1749.0,3221,4314
71,openb-pod-4009,0,160,inf,2220.0,4388,5465
72,openb-pod-5461,0,320,inf,75073.0,114538,181994
73,openb-pod-1412,0,460,2761.0,1692.0,2796,4246
74,openb-pod-6987,0,650,2002.0,1539.0,3023,3887
75,openb-pod-6018,0,220,inf,7389.0,11720,19633
76,openb-pod-5953,0,470,inf,4021.0,8038,9654
77,openb-pod-2827,0,460,inf,24300.0,39252,61902
78,openb-pod-6851,0,320,inf,2818.0,4373,7385
79,openb-pod-5812,0,320,inf,3962.0,6777,10268
80,openb-pod-2521,0,460,inf,1350.0,2093,3391
81,openb-pod-2121,0,650,inf,1381.0,2439,3555
82,openb-pod-2160,0,470,inf,1967.0,3707,5133
83,openb-pod-6605,0,320,inf,23097.0,35070,60593
84,openb-pod-5463,0,650,inf,1130.0,1711,2901
85,openb-pod-4752,0,320,16531.0,5523.0,8156,13502
86,openb-pod-4648,0,650,inf,1676.0,2465,4179
87,openb-pod-6103,0,320,inf,26115.0,37177,63546
88,openb-pod-4858,0,230,inf,1991.0,2858,5152
89,openb-pod-1218,0,460,inf,1736.0,3140,4390
90,openb-pod-5821,0,330,inf,9663.0,13813,24849
91,openb-pod-4531,0,470,inf,3580.0,6680,8843
92,openb-pod-1332,0,470,inf,3636.0,5588,9093
93,openb-pod-7354,0,230,inf,1010.0,1545,2491
94,openb-pod-7352,0,470,inf,3184.0,4868,8088
95,openb-pod-4100,0,320,inf,20489.0,30675,52075
96,openb-pod-1726,0,320,inf,4589.0,7786,11121
97,openb-pod-2898,0,470,inf,2252.0,3482,5672
98,openb-pod-1249,0,320,inf,5490.0,8076,13237
99,openb-pod-7116,0,220,inf,10704.0,19019,27982
100,openb-pod-2173,0,110,6528.0,3100.0,4865,7499
101,openb-pod-6002,0,320,inf,15235.0,29296,38739
102,openb-pod-7119,0,650,3032.0,2506.0,4717,6565
103,openb-pod-5530,0,330,inf,18162.0,36146,48103
104,openb-pod-5045,0,220,inf,10704.0,18712,26583
105,openb-pod-3483,0,470,inf,13597.0,19209,34400
106,openb-pod-2170,0,220,inf,4278.0,6035,10368
107,openb-pod-8111,0,110,inf,2510.0,4817,6088
108,openb-pod-1465,0,320,inf,4837.0,9009,11894
109,openb-pod-1239,0,480,inf,6260.0,10071,15361
110,openb-pod-2141,0,470,inf,1728.0,3128,4448
111,openb-pod-5914,0,110,inf,3614.0,6166,8794
112,openb-pod-1827,0,320,inf,4505.0,7463,11253
113,openb-pod-1931,0,460,inf,1197.0,1773,3161
114,openb-pod-4926,0,320,inf,1001.0,1755,2658
115,openb-pod-2972,0,110,inf,22724.0,42745,55488
116,openb-pod-4584,0,160,76006.0,27916.0,55202,70482
117,openb-pod-5441,0,160,inf,6486.0,9483,15979
118,openb-pod-4970,0,230,24859.0,17654.0,30417,42477
119,openb-pod-1641,0,460,inf,1049.0,1897,2615
120,openb-pod-3108,0,650,4449.0,1648.0,2418,4230
121,openb-pod-5653,0,650,inf,3721.0,5813,9510
122,openb-pod-3473,0,230,inf,3663.0,5534,9186
123,openb-pod-2060,0,650,3789.0,1466.0,2118,3689
124,openb-pod-1857,0,220,inf,13778.0,21789,35644
125,openb-pod-1497,0,650,inf,1772.0,3190,4406
126,openb-pod-5919,0,220,inf,10228.0,15755,25213
127,openb-pod-4946,0,320,inf,3221.0,6100,8062
128,openb-pod-5385,0,470,2916.0,1094.0,2097,2659
129,openb-pod-5535,0,320,4897.0,1736.0,3306,4295
130,openb-pod-2074,0,460,inf,1736.0,2837,4495
131,openb-pod-1606,0,160,inf,2427.0,3808,6392
132,openb-pod-4872,0,650,inf,1772.0,3505,4470
133,openb-pod-1496,0,650,inf,13638.0,25295,33726
134,openb-pod-4783,0,650,inf,1676.0,3228,4284
135,openb-pod-5591,0,220,inf,11398.0,21431,27707
136,openb-pod-1413,0,460,3757.0,1858.0,3355,4744
137,openb-pod-5737,0,230,inf,1010.0,1427,2567
138,openb-pod-7003,0,470,inf,1567.0,2627,4059
139,openb-pod-5525,0,320,inf,4344.0,6932,10895
140,openb-pod-7768,0,160,inf,28306.0,47132,70528
141,openb-pod-4244,0,650,inf,1132.0,1946,2745
142,openb-pod-5104,0,470,inf,1710.0,2587,4238
143,openb-pod-1731,0,160,inf,1389.0,2422,3675
144,openb-pod-4150,0,320,inf,2324.0,3672,6113
145,openb-pod-1403,0,470,inf,1542.0,2643,3882
146,openb-pod-7508,0,320,inf,6547.0,10138,16368
147,openb-pod-4385,0,460,inf,1736.0,2854,4238
148,openb-pod-4730,0,650,inf,3126.0,5422,8232
149,openb-pod-5263,0,650,inf,2040.0,3003,5362
150,openb-pod-1186,0,650,inf,3575.0,5263,9020
151,openb-pod-7724,0,220,inf,1129.0,1939,2796
152,openb-pod-6918,0,320,inf,5490.0,9115,14496
153,openb-pod-4397,0,460,inf,1018.0,1885,2680
154,openb-pod-3071,0,470,inf,3238910.0,4798668,8490376
155,openb-pod-1708,0,370,inf,4972.0,9024,12260
156,openb-pod-2308,0,230,inf,1991.0,3198,5175
157,openb-pod-3242,0,320,inf,3962.0,7146,10103
158,openb-pod-5671,0,220,inf,3441.0,5028,8909
159,openb-pod-7446,0,220,inf,9928.0,15793,25841
160,openb-pod-2335,0,320,inf,1001.0,1871,2579
161,openb-pod-8061,0,470,inf,10504.0,20849,27445
162,openb-pod-6741,0,470,inf,1232.0,2433,3273
163,openb-pod-7513,0,320,inf,1569.0,3110,4032
164,openb-pod-6093,0,110,inf,55754.0,94553,138875
165,openb-pod-8127,0,320,inf,10811.0,20270,27060
166,openb-pod-6278,0,470,10890.0,4519.0,8794,11062
167,openb-pod-2566,0,470,7011.0,3770.0,7073,9975
168,openb-pod-7110,0,810,inf,133432.0,259135,351677
169,openb-pod-2577,0,470,inf,1567.0,2486,3778
170,openb-pod-5454,0,160,inf,2848.0,5286,7329
171,openb-pod-1275,0,230,83000.0,40513.0,78777,100638
172,openb-pod-5346,0,650,inf,1772.0,3535,4306
173,openb-pod-2779,0,320,inf,20410.0,40790,52483
174,openb-pod-8011,0,460,3649.0,1232.0,2269,3240
175,openb-pod-8008,0,110,inf,3614.0,6903,9084
176,openb-pod-6946,0,160,inf,2036.0,3005,5088
177,openb-pod-7189,0,320,inf,18457.0,33862,45242
178,openb-pod-2536,0,460,inf,1018.0,1434,2451
179,openb-pod-6831,0,320,inf,26115.0,46886,65385
180,openb-pod-3734,0,650,inf,1904.0,3568,4925
181,openb-pod-4769,0,320,inf,3671.0,6204,8827
182,openb-pod-4775,0,320,inf,48850.0,82600,125710
183,openb-pod-7551,0,320,inf,10586.0,20793,25644
184,openb-pod-4714,0,470,inf,3333.0,5448,8672
185,openb-pod-1526,0,110,inf,1063.0,1815,2710
186,openb-pod-3919,0,230,inf,1010.0,1453,2635
187,openb-pod-6874,0,460,inf,2931.0,4991,7591
188,openb-pod-4827,0,810,inf,59003.0,117298,156078
189,openb-pod-7839,0,160,inf,2427.0,4690,6448
190,openb-pod-7129,0,470,inf,3333.0,6548,8205
191,openb-pod-2706,0,220,inf,7389.0,12980,19084
192,openb-pod-7222,0,230,inf,1180.0,1684,3033
193,openb-pod-5705,0,650,inf,2490.0,3508,6152
194,openb-pod-1687,0,460,inf,1142.0,2208,2741
195,openb-pod-8080,0,220,inf,2026.0,3353,5336
196,openb-pod-7274,0,460,inf,193496.0,306456,473320
197,openb-pod-2026,0,470,5966.0,2452.0,3887,6365
198,openb-pod-3188,0,470,inf,2734.0,4430,6672
199,openb-pod-2331,0,320,inf,1509.0,2839,3775
200,openb-pod-4812,0,460,inf,1799.0,2627,4674
201,openb-pod-3134,0,810,153534.0,79992.0,113016,209954
202,openb-pod-5107,0,810,71950.0,35380.0,59451,86568
203,openb-pod-3845,0,320,inf,19302.0,34124,49339
204,openb-pod-1380,0,320,inf,4928.0,8482,12350
205,openb-pod-6795,0,460,inf,26697.0,38106,68276
206,openb-pod-6350,0,320,inf,9379.0,13669,24716
207,openb-pod-2594,0,470,inf,9688.0,19011,23985
208,openb-pod-3892,0,460,inf,1528.0,2143,3846
209,openb-pod-6342,0,320,inf,4379.0,7851,10792
210,openb-pod-1479,0,470,inf,7026.0,11302,18328
211,openb-pod-6266,0,470,inf,5058.0,8422,12655
212,openb-pod-3626,0,650,inf,1859.0,3026,4775
213,openb-pod-3274,0,220,inf,18296.0,30976,47547
214,openb-pod-5024,0,320,inf,65758.0,108891,167641
215,openb-pod-6693,0,460,inf,11939.0,23191,30440
216,openb-pod-3049,0,220,inf,9625.0,17420,24914
217,openb-pod-6537,0,220,inf,11677.0,16807,30848
218,openb-pod-3937,0,480,inf,7685.0,10791,19938
219,openb-pod-2832,0,470,inf,7721.0,11922,20525
220,openb-pod-7873,0,470,inf,4572.0,8603,11141
221,openb-pod-5453,0,470,inf,6630.0,9909,17055
222,openb-pod-2711,0,460,8835.0,5849.0,9947,15555
223,openb-pod-8095,0,470,inf,6372.0,12654,16128
224,openb-pod-5615,0,110,inf,3100.0,4546,7649
225,openb-pod-1793,0,320,inf,1775.0,3332,4680
226,openb-pod-3777,0,160,inf,2026.0,3933,5182
227,openb-pod-7031,0,320,inf,1051.0,1882,2617
228,openb-pod-4050,0,460,inf,2219.0,3237,5414
229,openb-pod-6243,0,480,inf,7685.0,11399,19531
230,openb-pod-2507,0,460,inf,1528.0,2949,4018
231,openb-pod-1205,0,220,inf,25700.0,48723,67501
232,openb-pod-1105,0,220,inf,14230.0,20109,35024
233,openb-pod-1868,0,320,inf,3772.0,7287,9633
234,openb-pod-6009,0,650,inf,2530.0,4159,6678
235,openb-pod-6411,0,470,inf,10823.0,17383,27079
236,openb-pod-4296,0,810,inf,109582.0,179959,276833
237,openb-pod-3785,0,320,inf,10658.0,20632,26381
238,openb-pod-6462,0,460,inf,1049.0,2005,2528
239,openb-pod-1323,0,320,inf,7443.0,12852,18620
240,openb-pod-5113,0,470,inf,2847.0,4397,7560
241,openb-pod-4144,0,320,inf,25901.0,44948,67881
242,openb-pod-3602,0,460,2730.0,1379.0,2650,3328
243,openb-pod-7414,0,320,inf,2324.0,4575,5701
244,openb-pod-3322,0,470,inf,2479.0,4611,6164
245,openb-pod-7574,0,470,inf,11356.0,20382,29783
246,openb-pod-5857,0,810,inf,79992.0,123683,195816
247,openb-pod-2617,0,460,inf,1528.0,2398,3905
248,openb-pod-5214,0,320,inf,1126.0,1612,2917
249,openb-pod-7903,0,810,inf,62517.0,111402,162518
250,openb-pod-6326,0,320,inf,3772.0,5336,9121
251,openb-pod-5856,0,320,inf,5160.0,8679,12439
252,openb-pod-4118,0,650,inf,2120.0,3744,5434
253,openb-pod-2490,0,460,inf,2219.0,3318,5697
254,openb-pod-4272,0,220,11122.0,3877.0,5629,9477
255,openb-pod-6505,0,650,inf,2227.0,3796,5397
256,openb-pod-2658,0,220,inf,2026.0,2981,5079
257,openb-pod-2933,0,650,inf,2506.0,4735,6434
258,openb-pod-7160,0,460,inf,3299.0,5128,8671
259,openb-pod-4344,0,320,inf,19302.0,33284,49084
260,openb-pod-4956,0,470,inf,3238836.0,6112098,8555043
261,openb-pod-5048,0,320,inf,4589.0,7695,11966
262,openb-pod-7502,0,480,inf,5365.0,8432,13837
263,openb-pod-3398,0,320,inf,3772.0,6479,9097
264,openb-pod-4271,0,470,69950.0,23731.0,46394,60937
265,openb-pod-2243,0,320,inf,23299.0,34137,57622
266,openb-pod-7104,0,470,inf,4058.0,7200,9766
267,openb-pod-7351,0,470,inf,1213.0,2084,2998
268,openb-pod-3875,0,320,3567.0,1308.0,2568,3313
269,openb-pod-1232,0,320,inf,1050.0,1523,2536
270,openb-pod-4064,0,220,inf,11677.0,18580,29362
271,openb-pod-4489,0,810,inf,46608.0,71496,115701
272,openb-pod-2643,0,220,inf,14192.0,25046,36871
273,openb-pod-4761,0,220,inf,4554.0,8853,11287
274,openb-pod-3489,0,320,inf,4939.0,7903,12695
275,openb-pod-5835,0,460,inf,982167.0,1959187,2409056
276,openb-pod-4194,0,460,inf,12475899.0,22164311,31486233
277,openb-pod-2039,0,470,inf,10618.0,17678,26614
278,openb-pod-7540,0,470,inf,6630.0,9972,15996
279,openb-pod-4038,0,220,inf,14230.0,20842,35112
280,openb-pod-4185,0,460,inf,982167.0,1653935,2455767
281,openb-pod-3279,0,470,inf,2828.0,4689,7328
282,openb-pod-3923,0,320,inf,2492.0,3885,6270
283,openb-pod-5534,0,320,inf,23843.0,45320,57283
284,openb-pod-4615,0,470,inf,1967.0,3277,4803
285,openb-pod-6127,0,650,inf,2557.0,5059,6308
286,openb-pod-1905,0,320,inf,2323.0,3459,5782
287,openb-pod-1430,0,230,inf,1095.0,2081,2708
288,openb-pod-3224,0,320,inf,27408.0,51785,67298
289,openb-pod-7832,0,220,inf,2755.0,4183,7228
290,openb-pod-6598,0,330,inf,55746.0,110309,145048
291,openb-pod-1678,0,220,inf,2026.0,3531,5276
292,openb-pod-2086,0,320,inf,1456.0,2618,3669
293,openb-pod-3464,0,160,inf,3614.0,6648,8960
294,openb-pod-2071,0,320,inf,15235.0,24182,39127
295,openb-pod-5779,0,320,inf,10597.0,20235,26046
296,openb-pod-1690,0,460,inf,1018.0,1438,2628
297,openb-pod-2864,0,460,inf,1741.0,3066,4313
298,openb-pod-4360,0,470,inf,3752.0,6322,9366
299,openb-pod-2058,0,470,inf,2995.0,4898,7853
300,openb-pod-3782,0,470,inf,5708.0,9310,14146
301,openb-pod-5044,0,320,inf,5091.0,7675,13510
302,openb-pod-4024,0,320,inf,4916.0,7604,12228
303,openb-pod-3095,0,320,inf,31053.0,61389,75309
304,openb-pod-2082,0,650,inf,1132.0,2053,2725
305,openb-pod-5594,0,460,inf,25860.0,47391,63792
306,openb-pod-3103,0,650,inf,1138.0,1652,2953
307,openb-pod-4005,0,470,inf,3770.0,5455,9495
308,openb-pod-5532,0,470,inf,3661.0,5506,9305
309,openb-pod-3323,0,320,inf,4506.0,8744,11765
310,openb-pod-4678,0,470,inf,4468.0,7720,11768
311,openb-pod-5768,0,460,inf,14699.0,25020,37737
312,openb-pod-2638,0,650,inf,2227.0,3383,5353
313,openb-pod-2311,0,220,inf,9036.0,14021,22605
314,openb-pod-3438,0,320,30271.0,14776.0,24902,35681
315,openb-pod-1230,0,650,inf,1384.0,2710,3423
316,openb-pod-6221,0,470,inf,4494.0,7879,11062
317,openb-pod-7524,0,160,inf,2879.0,4645,7414
318,openb-pod-3760,0,650,inf,2490.0,4269,6621
319,openb-pod-1568,0,160,inf,22260.0,35673,54564
320,openb-pod-1454,0,460,inf,1499.0,2977,3738
321,openb-pod-3905,0,470,3126.0,1109.0,2004,2788
322,openb-pod-1815,0,160,inf,3036.0,4714,8059
323,openb-pod-5193,0,320,10315.0,3772.0,6173,9961
324,openb-pod-6990,0,460,inf,2401.0,4244,6309
325,openb-pod-7677,0,220,inf,72698.0,135336,186704
326,openb-pod-7060,0,220,inf,11398.0,19815,29797
327,openb-pod-3463,0,470,inf,2366.0,3764,6129
328,openb-pod-7131,0,320,inf,25559.0,36378,63360
329,openb-pod-7519,0,810,inf,109582.0,179852,288151
330,openb-pod-2290,0,320,inf,3240.0,5880,7822
331,openb-pod-5820,0,470,inf,1542.0,3009,3979
332,openb-pod-3347,0,460,inf,16619.0,28742,41907
333,openb-pod-2961,0,460,inf,1499.0,2648,3866
334,openb-pod-1530,0,470,inf,3843.0,6055,9575
335,openb-pod-1592,0,160,12237.0,4445.0,7791,11438
336,openb-pod-6468,0,160,inf,1411.0,2799,3555
337,openb-pod-7390,0,810,inf,22297.0,33048,54663
338,openb-pod-6450,0,470,inf,4572.0,7020,11061
339,openb-pod-4602,0,330,inf,7231.0,10642,17758
340,openb-pod-5362,0,320,inf,5613.0,9931,14026
341,openb-pod-5462,0,160,inf,5868.0,8285,14121
342,openb-pod-6422,0,320,17313.0,10811.0,20601,27321
343,openb-pod-6012,0,220,inf,7240.0,10571,18351
344,openb-pod-1177,0,320,3863.0,2096.0,3228,5355
345,openb-pod-5569,0,470,inf,1182.0,1954,2978
346,openb-pod-5260,0,320,inf,6439.0,11849,16694
347,openb-pod-2951,0,320,inf,1578.0,2626,3909
348,openb-pod-1267,0,160,inf,1302.0,2581,3258
349,openb-pod-2281,0,470,inf,3636.0,6634,9098
350,openb-pod-7818,0,160,inf,2036.0,2991,5370
351,openb-pod-5240,0,650,inf,2490.0,4558,6329
352,openb-pod-7321,0,320,inf,7443.0,10493,18149
353,openb-pod-3192,0,110,inf,9059.0,17267,23422
354,openb-pod-6709,0,330,inf,18162.0,36021,44603
355,openb-pod-7394,0,320,7565.0,5492.0,10339,13813
356,openb-pod-6695,0,650,inf,1598.0,2341,3837
357,openb-pod-2099,0,460,inf,1766.0,3499,4374
358,openb-pod-7409,0,650,inf,2506.0,4472,6206
359,openb-pod-5332,0,650,inf,13079.0,25383,32449
360,openb-pod-7741,0,320,inf,6427.0,10155,15852
361,openb-pod-6069,0,230,inf,3578.0,6012,8755
362,openb-pod-4591,0,320,inf,20489.0,37505,54135
363,openb-pod-4149,0,650,inf,1190.0,2093,2981
364,openb-pod-7062,0,460,inf,25439.0,44157,64372
365,openb-pod-1774,0,650,inf,1217.0,2084,3114
366,openb-pod-5816,0,650,inf,1281.0,1962,3373
367,openb-pod-8049,0,810,inf,74653.0,111453,185743
368,openb-pod-6166,0,320,inf,6427.0,9307,16343
369,openb-pod-2977,0,650,inf,1190.0,2136,3062
370,openb-pod-5151,0,650,inf,1772.0,3424,4601
371,openb-pod-2450,0,470,inf,1796.0,3088,4690
372,openb-pod-2873,0,220,inf,4296.0,7189,10719
373,openb-pod-4409,0,650,5559.0,2456.0,4702,6283
374,openb-pod-6352,0,650,inf,1451.0,2613,3605
375,openb-pod-5718,0,110,inf,4342.0,6158,10499
376,openb-pod-5865,0,320,4934.0,1723.0,2504,4526
377,openb-pod-6235,0,480,inf,7685.0,11478,19903
378,openb-pod-2845,0,320,inf,18457.0,35294,48990
379,openb-pod-3696,0,110,inf,8363.0,14782,20929
380,openb-pod-7850,0,320,inf,4916.0,8240,11875
381,openb-pod-4899,0,320,inf,1209.0,1887,2924
382,openb-pod-1864,0,470,inf,3238910.0,5650371,7868184
383,openb-pod-2855,0,470,inf,3290.0,6520,8708
384,openb-pod-1510,0,320,65362.0,25901.0,43150,68859
385,openb-pod-5843,0,320,inf,5641.0,8925,13576
386,openb-pod-7030,0,470,inf,2366.0,4572,6171
387,openb-pod-1243,0,320,8288.0,5641.0,9700,14518
388,openb-pod-6816,0,470,inf,37965.0,58555,96625
389,openb-pod-6690,0,320,inf,31053.0,53614,80637
390,openb-pod-7329,0,470,inf,11907.0,19959,29677
391,openb-pod-6335,0,160,inf,3024.0,5536,7304
392,openb-pod-7758,0,320,inf,19302.0,33035,46911
393,openb-pod-6706,0,220,23590.0,10228.0,16544,26241
394,openb-pod-7680,0,320,inf,2324.0,3476,5914
395,openb-pod-5076,0,470,inf,3521.0,6910,8702
396,openb-pod-3039,0,470,inf,7721.0,12716,20176
397,openb-pod-6376,0,320,inf,6443.0,9179,16162
398,openb-pod-8027,0,650,inf,1126.0,2003,2960
399,openb-pod-4171,0,810,inf,74653.0,133854,183289
400,openb-pod-2016,0,460,inf,2039.0,3066,4934
401,openb-pod-6343,0,320,inf,14929.0,21585,39406
402,openb-pod-4986,0,160,6667.0,3036.0,5209,7962
403,openb-pod-1460,0,160,inf,37083.0,52196,92530
404,openb-pod-1408,0,320,inf,1564.0,2966,4025
405,openb-pod-3598,0,810,inf,58148.0,108533,142618
406,openb-pod-5257,0,220,inf,10228.0,15979,26374
407,openb-pod-7775,0,160,inf,2036.0,3259,5016
408,openb-pod-2236,0,320,inf,3772.0,6409,9494
409,openb-pod-3658,0,320,7953.0,4248.0,6487,10612
410,openb-pod-7637,0,160,inf,20604.0,32502,49825
411,openb-pod-4289,0,650,inf,1566.0,2853,3833
412,openb-pod-5839,0,320,10397.0,3855.0,6262,9546
413,openb-pod-5326,0,460,inf,2396.0,4455,5822
414,openb-pod-5644,0,320,inf,1334.0,2495,3400
415,openb-pod-6888,0,810,inf,133432.0,257031,351970
416,openb-pod-6664,0,440,inf,3231252.0,5978018,8441918
417,openb-pod-2495,0,650,inf,1950.0,3578,4864
418,openb-pod-2785,0,220,inf,9264.0,15761,23961
419,openb-pod-2797,0,160,inf,2427.0,4601,6121
420,openb-pod-7231,0,470,4549.0,1567.0,2357,3967
421,openb-pod-7413,0,470,4566.0,2368.0,3810,6039
422,openb-pod-4870,0,460,inf,291826.0,448515,720061
423,openb-pod-7109,0,470,3089.0,1296.0,2466,3366
424,openb-pod-8048,0,460,2698.0,1021.0,1645,2649
425,openb-pod-4558,0,470,1658.0,1245.0,2136,3260
426,openb-pod-2754,0,470,inf,10823.0,16575,27796
427,openb-pod-5882,0,320,inf,2730.0,4682,6705
428,openb-pod-2598,0,470,inf,1350.0,2549,3259
429,openb-pod-7976,0,320,inf,4505.0,8858,11260
430,openb-pod-2106,0,220,inf,4278.0,6881,10840
431,openb-pod-3503,0,460,inf,1229.0,1811,3032
432,openb-pod-5111,0,320,4781.0,2536.0,4725,6697
433,openb-pod-1131,0,650,19852.0,6835.0,9866,17814
434,openb-pod-6925,0,320,inf,4928.0,7764,11927
435,openb-pod-5367,0,320,inf,4916.0,9560,13053
436,openb-pod-6478,0,110,inf,2510.0,3878,6128
437,openb-pod-6506,0,230,inf,2543.0,3805,6714
438,openb-pod-6151,0,320,inf,2492.0,4431,6483
439,openb-pod-4000,0,460,inf,2578.0,4800,6504
440,openb-pod-1387,0,160,inf,1256.0,1783,3255
441,openb-pod-5698,0,470,inf,8999.0,15268,21876
442,openb-pod-6282,0,460,inf,7799.0,14385,19588
443,openb-pod-7476,0,320,inf,5642.0,11262,14048
444,openb-pod-4897,0,460,inf,2399.0,3838,6223
445,openb-pod-2424,0,320,inf,2305.0,4120,5833
446,openb-pod-6560,0,470,inf,3384.0,5020,8858
447,openb-pod-4073,0,470,inf,2330.0,3477,5618
448,openb-pod-5209,0,320,inf,3673.0,5351,9344
449,openb-pod-4242,0,470,inf,6372.0,11584,16184
450,openb-pod-7836,0,810,inf,58148.0,115451,146745
451,openb-pod-3439,0,650,inf,1728.0,3145,4240
452,openb-pod-2771,0,460,inf,1142.0,2247,2847
453,openb-pod-6809,0,650,inf,1138.0,1719,2931
454,openb-pod-3128,0,320,inf,23097.0,38302,57199
455,openb-pod-1319,0,110,10392.0,4177.0,6607,10580
456,openb-pod-1844,0,470,inf,5463.0,8139,14218
457,openb-pod-2509,0,50,74180.0,28616.0,46036,75338
458,openb-pod-2786,0,220,inf,13778.0,27146,35323
459,openb-pod-7111,0,320,inf,5641.0,9447,13565
460,openb-pod-3506,0,230,inf,12674.0,21185,32626
461,openb-pod-5472,0,810,inf,77910.0,128831,201126
462,openb-pod-5166,0,320,inf,1518.0,2354,3927
463,openb-pod-6679,0,320,inf,3772.0,7126,9913
464,openb-pod-7615,0,320,inf,4538.0,7247,11976
465,openb-pod-1416,0,650,inf,1772.0,2909,4568
466,openb-pod-2329,0,650,inf,1453.0,2855,3614
467,openb-pod-5494,0,220,8326.0,4718.0,9268,12389
468,openb-pod-2879,0,470,inf,2548.0,4322,6512
469,openb-pod-5731,0,470,inf,12061.0,18467,31732
470,openb-pod-1968,0,320,inf,3118.0,5512,8184
471,openb-pod-5773,0,470,inf,1728.0,2628,4371
472,openb-pod-4997,0,470,inf,1051.0,1785,2710
473,openb-pod-4653,0,110,inf,3614.0,6951,9180
474,openb-pod-6158,0,470,inf,1020.0,1973,2504
475,openb-pod-6294,0,320,inf,6069.0,9896,16099
476,openb-pod-1151,0,460,inf,5758.0,8506,15068
477,openb-pod-3589,0,320,inf,75073.0,144806,184289
478,openb-pod-7451,0,320,inf,43251.0,69781,109506
479,openb-pod-3753,0,320,inf,31053.0,60604,76534
480,openb-pod-4225,0,810,inf,35380.0,51000,87763
481,openb-pod-7971,0,320,inf,48850.0,90280,120610
482,openb-pod-6907,0,810,inf,133432.0,226187,341628
483,openb-pod-4560,0,160,2865.0,1195.0,2021,3141
484,openb-pod-4667,0,320,inf,38811.0,69197,102545
485,openb-pod-4310,0,320,inf,2563.0,4061,6468
486,openb-pod-2649,0,320,inf,1013.0,2015,2629
487,openb-pod-2465,0,470,3112.0,1109.0,1786,2862
488,openb-pod-5978,0,160,inf,3189.0,6245,7961
489,openb-pod-6057,0,470,inf,4103.0,6489,10718
490,openb-pod-4496,0,810,inf,75663.0,116927,182704
491,openb-pod-7070,0,230,inf,1991.0,3920,4861
492,openb-pod-3130,0,470,inf,1363.0,2231,3287
493,openb-pod-6900,0,650,inf,11380.0,20218,28585
494,openb-pod-7420,0,470,inf,8999.0,14083,23822
495,openb-pod-4569,0,110,inf,22724.0,40100,57079
496,openb-pod-5141,0,480,inf,3596.0,6304,9260
497,openb-pod-6029,0,470,inf,1182.0,2218,2974
498,openb-pod-1900,0,320,inf,25974.0,40933,65795
499,openb-pod-6545,0,470,108048.0,37965.0,60583,91241
500,openb-pod-2850,0,220,inf,10704.0,15442,28340
501,openb-pod-2209,0,320,inf,5492.0,7894,13490
502,openb-pod-5548,0,470,2940.0,1232.0,1822,2971
503,openb-pod-3993,0,470,inf,6396.0,11642,16348
504,openb-pod-1873,0,320,inf,5583.0,9839,14704
505,openb-pod-2568,0,650,inf,1466.0,2774,3723
506,openb-pod-4969,0,650,inf,1302.0,2097,3359
507,openb-pod-7617,0,480,inf,7685.0,13246,20007
508,openb-pod-4992,0,650,inf,1777.0,3255,4449
509,openb-pod-3219,0,160,inf,24014.0,47300,61032
510,openb-pod-5086,0,470,inf,1051.0,1808,2696
511,openb-pod-6645,0,320,inf,30483.0,44907,73943
512,openb-pod-1642,0,320,inf,1051.0,1872,2638
513,openb-pod-1216,0,230,inf,1213.0,1929,3036
514,openb-pod-5156,0,470,inf,6271.0,9732,15823
515,openb-pod-5549,0,320,inf,16994.0,32997,43121
516,openb-pod-3161,0,320,inf,1359.0,2156,3523
517,openb-pod-1958,0,230,inf,1220.0,1731,3046
518,openb-pod-7947,0,220,inf,20827.0,31745,51434
519,openb-pod-4643,0,320,inf,2968.0,4200,7557
520,openb-pod-7389,0,470,inf,1561.0,2234,3977
521,openb-pod-2195,0,460,inf,5849.0,10738,15281
522,openb-pod-6332,0,470,inf,3772.0,6853,9303
523,openb-pod-2739,0,320,inf,9379.0,15707,22690
524,openb-pod-1922,0,460,inf,73380.0,142490,180189
525,openb-pod-2341,0,460,inf,26697.0,53386,68431
526,openb-pod-5545,0,470,inf,1109.0,2015,2823
527,openb-pod-7153,0,320,inf,40717.0,60725,106581
528,openb-pod-5120,0,320,inf,11810.0,21590,29618
529,openb-pod-6978,0,230,inf,1221.0,1986,3146
530,openb-pod-4058,0,650,inf,1132.0,1808,2885
531,openb-pod-1140,0,810,inf,46608.0,92136,115482
532,openb-pod-5471,0,320,inf,5416.0,9677,13695
533,openb-pod-2741,0,470,inf,7185.0,11972,18545
534,openb-pod-4507,0,320,inf,13786.0,22551,33712
535,openb-pod-5051,0,320,inf,4379.0,6623,10865
536,openb-pod-7671,0,650,inf,1062.0,1786,2555
537,openb-pod-3810,0,160,13264.0,4440.0,6252,11100
538,openb-pod-4813,0,160,inf,2220.0,3474,5395
539,openb-pod-7331,0,320,inf,10165.0,17326,25475
540,openb-pod-2774,0,650,inf,1190.0,1914,2916
541,openb-pod-5164,0,470,9069.0,7185.0,13093,18968
542,openb-pod-4543,0,460,inf,7799.0,11829,20539
543,openb-pod-3218,0,320,inf,1578.0,2498,4038
544,openb-pod-2393,0,470,inf,1350.0,2610,3260
545,openb-pod-5649,0,650,3109.0,1280.0,2200,3229
546,openb-pod-8066,0,470,inf,4103.0,7601,10320
547,openb-pod-2637,0,220,inf,25700.0,40071,67313
548,openb-pod-2255,0,460,inf,14699.0,21156,37976
549,openb-pod-8064,0,650,inf,3126.0,5187,7996
550,openb-pod-3428,0,460,inf,2931.0,5477,7246
551,openb-pod-7362,0,160,inf,15330.0,28436,38380
552,openb-pod-2837,0,220,inf,1129.0,1668,2720
553,openb-pod-7494,0,160,inf,1411.0,2325,3699
554,openb-pod-5989,0,470,inf,2863.0,4438,7271
555,openb-pod-5199,0,320,inf,4200.0,6117,10622
556,openb-pod-7698,0,220,inf,2721.0,4915,6747
557,openb-pod-4413,0,470,inf,3580.0,5367,9451
558,openb-pod-2747,0,470,inf,1561.0,2999,4076
559,openb-pod-4477,0,160,6113.0,3708.0,7414,9712
560,openb-pod-7366,0,110,inf,3770.0,5760,9085
561,openb-pod-7861,0,230,inf,2543.0,5049,6585
562,openb-pod-4358,0,330,inf,55746.0,106071,137273
563,openb-pod-7932,0,160,inf,48212.0,76043,116193
564,openb-pod-5172,0,650,inf,4566.0,8624,11626
565,openb-pod-7475,0,470,inf,7026.0,13422,17831
566,openb-pod-3112,0,470,inf,6630.0,11006,17367
567,openb-pod-1271,0,460,1362659.0,982167.0,1493374,2532590
568,openb-pod-4791,0,810,inf,109582.0,170394,277311
569,openb-pod-6275,0,110,inf,2598.0,4571,6596
570,openb-pod-1654,0,320,inf,23537.0,38658,59557
571,openb-pod-3189,0,460,32153.0,11939.0,19844,29967
572,openb-pod-2841,0,220,inf,4296.0,6051,10813
573,openb-pod-1843,0,320,inf,4939.0,9428,12043
574,openb-pod-3854,0,470,inf,2995.0,4426,7324
575,openb-pod-7435,0,650,inf,1728.0,3041,4293
576,openb-pod-3635,0,470,inf,3007.0,5481,7368
577,openb-pod-6345,0,470,inf,1339.0,2149,3417
578,openb-pod-3928,0,220,inf,9264.0,15579,24185
579,openb-pod-5318,0,810,inf,114035.0,177190,289971
580,openb-pod-4172,0,220,inf,10704.0,16894,27792
581,openb-pod-4449,0,320,inf,4248.0,8306,10746
582,openb-pod-5517,0,470,inf,6396.0,12003,15945
583,openb-pod-4338,0,230,inf,1095.0,1986,2641
584,openb-pod-7186,0,810,inf,59003.0,107430,144756
585,openb-pod-4937,0,320,inf,1359.0,1982,3326
586,openb-pod-6889,0,650,inf,1854.0,3604,4793
587,openb-pod-6333,0,110,9427.0,3770.0,7021,9508
588,openb-pod-4452,0,230,inf,17654.0,28984,46945
589,openb-pod-5418,0,650,inf,3197.0,5397,7701
590,openb-pod-1811,0,460,inf,2638.0,4289,6798
591,openb-pod-3273,0,110,inf,1063.0,2060,2656
592,openb-pod-2578,0,810,inf,114035.0,168331,298396
593,openb-pod-3900,0,470,inf,2031.0,2976,5133
594,openb-pod-2567,0,320,inf,11810.0,20637,29893
595,openb-pod-5629,0,470,inf,10823.0,21230,27594
596,openb-pod-7422,0,320,inf,6547.0,11743,17042
597,openb-pod-4331,0,470,inf,5058.0,7685,12779
598,openb-pod-3702,0,470,inf,1781.0,3175,4679
599,openb-pod-6762,0,650,inf,1447.0,2298,3624
600,openb-pod-7361,0,320,inf,5366.0,10421,13755
601,openb-pod-8082,0,220,inf,9928.0,17546,24736
602,openb-pod-5126,0,320,inf,1201.0,2164,2956
603,openb-pod-7381,0,320,inf,30535.0,55946,75253
604,openb-pod-7665,0,650,inf,1661.0,3122,4416
605,openb-pod-6981,0,650,inf,1645.0,2795,4138
606,openb-pod-7243,0,320,inf,2340.0,4657,5696
607,openb-pod-1367,0,320,inf,11810.0,20873,28641
608,openb-pod-3470,0,320,inf,16521.0,23148,41666
609,openb-pod-2124,0,470,inf,1710.0,3006,4346
610,openb-pod-4266,0,320,inf,4379.0,6389,10702
611,openb-pod-3392,0,470,inf,1781.0,3502,4430
612,openb-pod-7187,0,220,inf,294651.0,465076,782209
613,openb-pod-7593,0,470,inf,2031.0,3417,5279
614,openb-pod-5033,0,460,inf,1142.0,2208,2943
615,openb-pod-1523,0,230,inf,1213.0,2237,3165
616,openb-pod-7338,0,320,inf,3442.0,6776,8953
617,openb-pod-3996,0,320,inf,5410.0,8183,13707
618,openb-pod-5907,0,160,inf,26313.0,43843,69530
619,openb-pod-7092,0,460,inf,1710.0,3026,4457
620,openb-pod-7146,0,470,inf,3868.0,7710,10078
621,openb-pod-6743,0,460,inf,1021.0,1966,2530
622,openb-pod-4071,0,160,inf,37083.0,66570,94874
623,openb-pod-7483,0,320,inf,2305.0,3367,5673
624,openb-pod-1119,0,470,inf,9483.0,17280,22923
625,openb-pod-6535,0,460,inf,2399.0,3759,6038
626,openb-pod-5189,0,160,inf,1135.0,2136,2856
627,openb-pod-6526,0,320,inf,9235.0,16427,23952
628,openb-pod-5570,0,470,inf,4212.0,6360,10296
629,openb-pod-7689,0,470,inf,11842.0,23571,31202
630,openb-pod-6229,0,320,inf,6439.0,12252,15932
631,openb-pod-5951,0,320,inf,13204.0,20647,32390
632,openb-pod-1870,0,470,inf,7185.0,13623,18789
633,openb-pod-4596,0,220,inf,8913.0,14384,22249
634,openb-pod-7334,0,320,inf,6005.0,9352,14582
635,openb-pod-3610,0,320,inf,16994.0,25638,42004
636,openb-pod-7953,0,320,inf,18457.0,36909,49003
637,openb-pod-1954,0,470,inf,10504.0,20684,25226
638,openb-pod-7341,0,160,21187.0,7392.0,10925,19437
639,openb-pod-5637,0,320,inf,6693.0,9621,17578
640,openb-pod-2699,0,650,inf,1466.0,2290,3663
641,openb-pod-5323,0,810,inf,114715.0,199751,294027
642,openb-pod-5176,0,160,inf,15330.0,21522,39635
643,openb-pod-7415,0,230,inf,10190.0,18595,26868
644,openb-pod-2624,0,230,inf,1010.0,1579,2543
645,openb-pod-6663,0,650,inf,12507.0,18561,33268
646,openb-pod-6246,0,650,19959.0,11380.0,18478,27924
647,openb-pod-2670,0,650,inf,2120.0,4066,5164
648,openb-pod-1386,0,320,inf,6439.0,12467,16319
649,openb-pod-4392,0,460,inf,16619.0,27934,42396
650,openb-pod-6284,0,470,inf,7185.0,10669,18994
651,openb-pod-6692,0,470,inf,4494.0,8791,11497
652,openb-pod-2138,0,650,inf,1138.0,2033,2817
653,openb-pod-7269,0,230,inf,2554.0,4108,6313
654,openb-pod-6975,0,470,inf,3843.0,5575,9643
655,openb-pod-3033,0,320,inf,48850.0,94182,118877
656,openb-pod-2925,0,320,inf,1569.0,2292,3889
657,openb-pod-7769,0,320,inf,5641.0,8304,13687
658,openb-pod-1347,0,110,inf,9409.0,17689,24765
659,openb-pod-1704,0,110,inf,19027.0,33372,48129
660,openb-pod-4896,0,470,inf,2734.0,4035,6940
661,openb-pod-4202,0,470,inf,3843.0,6753,9795
662,openb-pod-5341,0,460,inf,1796.0,2784,4747
663,openb-pod-5753,0,650,4189.0,1453.0,2424,3851
664,openb-pod-3873,0,650,8307.0,2849.0,4566,7191
665,openb-pod-3485,0,460,inf,1766.0,2870,4477
666,openb-pod-3730,0,470,inf,4911.0,9518,12956
667,openb-pod-4859,0,320,inf,2492.0,4519,6223
668,openb-pod-2309,0,320,inf,11810.0,23106,29816
669,openb-pod-7156,0,320,inf,1050.0,2087,2692
670,openb-pod-6209,0,110,inf,5577.0,10421,14224
671,openb-pod-6337,0,320,inf,6439.0,10670,16286
672,openb-pod-3809,0,650,inf,2543.0,4779,6332
673,openb-pod-1711,0,650,inf,2849.0,4506,7301
674,openb-pod-2211,0,650,inf,1447.0,2388,3814
675,openb-pod-5589,0,650,inf,1507.0,2826,3981
676,openb-pod-2258,0,370,inf,4972.0,9808,12113
677,openb-pod-6393,0,220,1381.0,1129.0,2203,2872
678,openb-pod-4554,0,320,inf,2529.0,4649,6250
679,openb-pod-3254,0,160,inf,1301.0,1837,3329
680,openb-pod-6189,0,160,inf,20604.0,32883,49947
681,openb-pod-5157,0,230,inf,1475.0,2735,3788
682,openb-pod-3686,0,230,inf,2543.0,4429,6190
683,openb-pod-2943,0,650,inf,1022.0,1761,2685
684,openb-pod-5297,0,650,3944.0,1377.0,2617,3327
685,openb-pod-5720,0,220,inf,2026.0,2927,5131
686,openb-pod-5390,0,650,inf,1648.0,2923,4155
687,openb-pod-6255,0,320,inf,1201.0,1896,3027
688,openb-pod-8012,0,320,37316.0,25974.0,50072,66454
689,openb-pod-5142,0,320,inf,22864.0,43413,57901
690,openb-pod-2998,0,650,inf,1130.0,1667,2748
691,openb-pod-2819,0,320,inf,5642.0,9903,14333
692,openb-pod-2361,0,220,inf,72698.0,108173,193031
693,openb-pod-4556,0,320,inf,5091.0,9801,12339
694,openb-pod-1308,0,470,4300.0,1517.0,2334,3990
695,openb-pod-1442,0,470,inf,9389.0,17780,23691
696,openb-pod-3352,0,320,inf,1290.0,2040,3291
697,openb-pod-4651,0,230,inf,1095.0,1807,2829
698,openb-pod-3285,0,650,inf,1281.0,2249,3206
699,openb-pod-5799,0,160,inf,2879.0,4439,6988
700,openb-pod-1349,0,320,inf,6668.0,12998,17146
701,openb-pod-2009,0,460,inf,2219.0,4101,5349
702,openb-pod-2527,0,470,inf,1411.0,2610,3671
703,openb-pod-2161,0,220,inf,2755.0,4057,7033
704,openb-pod-4817,0,220,inf,74624.0,105089,198465
705,openb-pod-6989,0,160,7882.0,2701.0,4883,6603
706,openb-pod-3484,0,320,inf,13570.0,23571,35968
707,openb-pod-4457,0,470,inf,6630.0,12577,17375
708,openb-pod-2633,0,320,inf,4506.0,7282,11714
709,openb-pod-5313,0,320,inf,8448.0,16561,22417
710,openb-pod-5940,0,470,inf,6058.0,9984,14712
711,openb-pod-6034,0,320,inf,5365.0,9317,13778
712,openb-pod-5479,0,160,inf,2427.0,3658,6250
713,openb-pod-5590,0,810,inf,14575.0,20742,37245
714,openb-pod-4420,0,160,inf,3189.0,5992,7703
715,openb-pod-4354,0,470,inf,4246.0,6880,10694
716,openb-pod-3536,0,470,inf,2031.0,3709,5287
717,openb-pod-4654,0,320,inf,4928.0,6940,11989
718,openb-pod-6640,0,50,68708.0,23497.0,36921,58393
719,openb-pod-1518,0,470,3634.0,1269.0,2350,3262
720,openb-pod-4230,0,320,inf,38811.0,59514,97676
721,openb-pod-2403,0,330,inf,55746.0,107161,137277
722,openb-pod-4417,0,470,inf,1728.0,3005,4235
723,openb-pod-4758,0,650,inf,1414.0,2815,3583
724,openb-pod-3829,0,650,inf,2506.0,4042,6329
725,openb-pod-7534,0,470,inf,1916.0,3698,4708
726,openb-pod-2667,0,320,inf,12549.0,24265,30204
727,openb-pod-7794,0,470,inf,2828.0,4467,7402
728,openb-pod-3691,0,470,inf,7026.0,13804,17944
729,openb-pod-6073,0,470,inf,2330.0,4645,6047
730,openb-pod-6742,0,220,inf,21304.0,35152,54258
731,openb-pod-6304,0,470,inf,3333.0,6523,8321
732,openb-pod-4456,0,230,22624.0,12206.0,22369,30645
733,openb-pod-2183,0,320,inf,65758.0,124687,173474
734,openb-pod-2608,0,470,inf,12061.0,17954,31818
735,openb-pod-4609,0,480,3550.0,1859.0,3382,4833
736,openb-pod-1961,0,320,inf,8146.0,16023,21394
737,openb-pod-3597,0,650,inf,1648.0,2775,4045
738,openb-pod-3515,0,470,24966.0,9389.0,14400,22711
739,openb-pod-6872,0,470,inf,9389.0,16750,24414
740,openb-pod-5559,0,160,inf,4440.0,8169,11314
741,openb-pod-6415,0,320,inf,5583.0,9665,14338
742,openb-pod-6739,0,470,inf,9483.0,15322,23510
743,openb-pod-5280,0,650,inf,1689.0,2692,4403
744,openb-pod-6833,0,320,inf,1288.0,2432,3420
745,openb-pod-3910,0,230,inf,12674.0,21922,31447
746,openb-pod-5682,0,460,inf,10212916.0,17461290,25239284
747,openb-pod-3142,0,470,inf,1781.0,2993,4573
748,openb-pod-2252,0,650,inf,1854.0,3666,4686
749,openb-pod-8149,0,470,inf,1269.0,2118,3316
750,openb-pod-7162,0,320,inf,1569.0,2565,3886
751,openb-pod-1582,0,220,inf,7240.0,10293,18195
752,openb-pod-6431,0,220,inf,7718.0,15423,19355
753,openb-pod-6626,0,110,10480.0,8363.0,13626,21638
754,openb-pod-4546,0,160,inf,17445.0,28457,43694
755,openb-pod-4542,0,330,inf,18162.0,31546,44609
756,openb-pod-5327,0,470,inf,4519.0,7779,10953
757,openb-pod-7910,0,320,inf,30535.0,59195,75971
758,openb-pod-4157,0,650,inf,1689.0,2608,4147
759,openb-pod-2924,0,650,inf,5154.0,9625,13511
760,openb-pod-2434,0,470,inf,7721.0,14003,20385
761,openb-pod-6116,0,470,inf,1967.0,2997,5206
762,openb-pod-3399,0,50,inf,4064.0,7772,10683
763,openb-pod-2375,0,220,inf,9925.0,16406,26346
764,openb-pod-4700,0,320,inf,5416.0,10098,13455
765,openb-pod-3949,0,330,inf,18162.0,28874,43653
766,openb-pod-5795,0,470,3314.0,2452.0,3543,5989
767,openb-pod-3884,0,320,inf,2529.0,4452,6561
768,openb-pod-5017,0,220,inf,5456.0,8389,13140
769,openb-pod-4850,0,220,inf,72698.0,130600,185334
770,openb-pod-5663,0,650,inf,1453.0,2399,3773
771,openb-pod-6005,0,320,inf,8794.0,12795,22629
772,openb-pod-7659,0,160,inf,48212.0,81207,127668
773,openb-pod-5990,0,650,inf,2120.0,2984,5267
774,openb-pod-1845,0,160,9840.0,6486.0,10569,16690
775,openb-pod-5518,0,650,11488.0,6875.0,10524,18220
776,openb-pod-3311,0,110,inf,2510.0,4864,6665
777,openb-pod-1865,0,320,inf,14776.0,29190,35822
778,openb-pod-7761,0,470,inf,2114.0,3587,5248
779,openb-pod-3434,0,810,inf,59003.0,94287,151509
780,openb-pod-3261,0,160,inf,8041.0,13992,20211
781,openb-pod-5954,0,470,4528.0,3290.0,6068,7915
782,openb-pod-3911,0,470,inf,1109.0,1774,2945
783,openb-pod-4455,0,220,inf,18296.0,32389,47915
784,openb-pod-5415,0,320,5793.0,3221.0,5180,8168
785,openb-pod-3114,0,320,inf,5673.0,11093,13840
786,openb-pod-5638,0,320,inf,1288.0,2030,3146
787,openb-pod-5683,0,230,inf,2554.0,3958,6330
788,openb-pod-2056,0,160,inf,3614.0,5455,9319
789,openb-pod-3294,0,460,inf,1692.0,3093,4129
790,openb-pod-6861,0,320,inf,5365.0,7666,14166
791,openb-pod-7516,0,110,inf,2636.0,4664,6960
792,openb-pod-7427,0,320,inf,27409.0,52592,67208
793,openb-pod-1737,0,320,inf,2536.0,4521,6489
794,openb-pod-2844,0,220,33331.0,25700.0,50051,65674
795,openb-pod-3871,0,320,inf,6005.0,11927,15646
796,openb-pod-7384,0,650,inf,13638.0,26349,33606
797,openb-pod-4984,0,460,inf,3425986.0,6632920,8373002
798,openb-pod-2286,0,470,inf,10371.0,20290,25978
799,openb-pod-1700,0,480,inf,8520.0,15709,22085
800,openb-pod-6716,0,160,inf,28306.0,50970,70193
801,openb-pod-4686,0,220,inf,21304.0,41358,56231
802,openb-pod-1310,0,650,inf,2194.0,3229,5428
803,openb-pod-7261,0,320,16639.0,5641.0,10415,14038
804,openb-pod-7822,0,650,inf,1507.0,2143,3927
805,openb-pod-3801,0,650,inf,1903.0,3397,4654
806,openb-pod-4359,0,320,inf,31053.0,61319,78542
807,openb-pod-1903,0,650,inf,1245.0,2056,3059
808,openb-pod-5102,0,470,inf,3034.0,5359,7324
809,openb-pod-6686,0,320,inf,5366.0,9987,13931
810,openb-pod-2192,0,460,inf,64498.0,92448,156258
811,openb-pod-5094,0,320,inf,13786.0,19642,34267
812,openb-pod-1673,0,650,inf,1377.0,2696,3339
813,openb-pod-7940,0,470,inf,2734.0,5277,7166
814,openb-pod-3182,0,460,inf,291826.0,536157,763504
815,openb-pod-5934,0,320,inf,6427.0,9848,15912
816,openb-pod-6977,0,220,inf,12160.0,17478,32048
817,openb-pod-2416,0,320,inf,1509.0,2612,3938
818,openb-pod-2664,0,230,inf,7102.0,10492,17654
819,openb-pod-4448,0,320,inf,25974.0,41685,64564
820,openb-pod-2881,0,110,inf,9409.0,17670,24720
821,openb-pod-5744,0,320,inf,13204.0,25911,34437
822,openb-pod-1615,0,650,inf,1216.0,1957,3214
823,openb-pod-8059,0,220,inf,9925.0,19208,25618
824,openb-pod-3358,0,650,inf,5467.0,8549,14122
825,openb-pod-8069,0,320,inf,1050.0,1860,2732
826,openb-pod-4959,0,220,inf,4278.0,6465,10383
827,openb-pod-4184,0,460,17465.0,11939.0,23663,30917
828,openb-pod-7407,0,320,inf,2563.0,4185,6186
829,openb-pod-4156,0,220,inf,6131.0,9003,14879
830,openb-pod-3482,0,470,4731.0,2300.0,3500,5989
831,openb-pod-3072,0,110,inf,1063.0,2001,2578
832,openb-pod-7802,0,470,1830.0,1313.0,1895,3427
833,openb-pod-6433,0,470,inf,2939.0,5643,7137
834,openb-pod-4333,0,650,inf,1645.0,2719,4041
835,openb-pod-2232,0,650,2286.0,1302.0,1967,3237
836,openb-pod-3973,0,650,inf,12507.0,18271,31672
837,openb-pod-3435,0,650,inf,2194.0,3996,5589
838,openb-pod-7614,0,470,inf,6271.0,8819,15956
839,openb-pod-3798,0,160,3308.0,1135.0,2000,2857
840,openb-pod-5395,0,320,inf,5160.0,8828,12755
841,openb-pod-7051,0,470,inf,7748.0,14230,20356
842,openb-pod-5283,0,220,inf,13234.0,19541,31998
843,openb-pod-1684,0,320,inf,2305.0,3470,6040
844,openb-pod-1777,0,220,inf,7240.0,12156,17514
845,openb-pod-6322,0,460,inf,10212916.0,16977710,26906473
846,openb-pod-5746,0,320,inf,1456.0,2397,3848
847,openb-pod-6549,0,470,inf,1728.0,2521,4370
848,openb-pod-5414,0,230,inf,1213.0,2359,3051
849,openb-pod-4708,0,460,inf,7799.0,12520,18938
850,openb-pod-3104,0,320,inf,1308.0,2539,3191
851,openb-pod-4902,0,460,inf,49498.0,94423,125730
852,openb-pod-3351,0,320,6806.0,3118.0,6002,8008
853,openb-pod-4727,0,230,inf,1220.0,1721,3203
854,openb-pod-1383,0,470,inf,37965.0,54360,98859
855,openb-pod-2089,0,650,inf,6875.0,12980,16808
856,openb-pod-1106,0,650,inf,1777.0,3066,4325
857,openb-pod-6619,0,650,2971.0,1645.0,2945,4100
858,openb-pod-3889,0,320,inf,12198.0,17605,30463
859,openb-pod-6316,0,320,inf,1864.0,3378,4548
860,openb-pod-7984,0,460,inf,1766.0,2764,4406
861,openb-pod-7528,0,470,4256.0,1916.0,3643,4636
862,openb-pod-3891,0,470,2101.0,1269.0,2101,3065
863,openb-pod-7906,0,650,inf,2120.0,3055,5294
864,openb-pod-5684,0,320,inf,40405.0,79114,101113
865,openb-pod-6407,0,320,inf,3772.0,7075,9261
866,openb-pod-7270,0,470,inf,1223.0,1996,3214
867,openb-pod-6147,0,320,47698.0,16521.0,23388,42118
868,openb-pod-1220,0,160,inf,8145.0,14545,20460
869,openb-pod-4742,0,320,inf,1775.0,3261,4585
870,openb-pod-7522,0,470,inf,1223.0,2444,3031
871,openb-pod-4928,0,460,inf,2931.0,4785,7726
872,openb-pod-4250,0,470,inf,3636.0,5695,8861
873,openb-pod-2414,0,460,inf,14993.0,21058,36826
874,openb-pod-5852,0,230,inf,10190.0,17978,25318
875,openb-pod-4011,0,470,inf,3034.0,5726,7675
876,openb-pod-7437,0,220,inf,55562.0,83921,140210
877,openb-pod-5725,0,160,inf,4440.0,7861,11787
878,openb-pod-1214,0,230,inf,2543.0,4694,6741
879,openb-pod-5802,0,160,inf,3024.0,4484,7779
880,openb-pod-5285,0,470,inf,2452.0,3938,6139
881,openb-pod-8062,0,470,inf,1063.0,1759,2675
882,openb-pod-7848,0,810,inf,75954.0,138020,184467
883,openb-pod-5500,0,650,inf,1037.0,1746,2530
884,openb-pod-3208,0,470,inf,2548.0,3824,6596
885,openb-pod-1858,0,650,inf,2781.0,4934,7282
886,openb-pod-4544,0,160,inf,2259.0,4457,5559
887,openb-pod-6867,0,320,30932.0,23097.0,44561,59047
888,openb-pod-2334,0,320,inf,1518.0,2736,3976
889,openb-pod-5386,0,320,inf,4294.0,7166,11054
890,openb-pod-6769,0,320,3017.0,1288.0,2366,3377
891,openb-pod-2310,0,460,inf,1736.0,2755,4364
892,openb-pod-2623,0,460,inf,1142.0,1759,2893
893,openb-pod-2597,0,650,inf,1451.0,2384,3594
894,openb-pod-2756,0,230,inf,1095.0,1540,2682
895,openb-pod-4588,0,470,11053.0,3772.0,5591,9652
896,openb-pod-6072,0,320,inf,2305.0,4410,5633
897,openb-pod-5309,0,320,inf,4379.0,6301,11626
898,openb-pod-6791,0,650,inf,1447.0,2831,3507
899,openb-pod-6628,0,110,inf,4177.0,8200,10979
900,openb-pod-3167,0,470,inf,7721.0,14746,20016
901,openb-pod-7610,0,320,inf,1974.0,3724,4932
902,openb-pod-6884,0,460,2652.0,1692.0,2412,4089
903,openb-pod-8014,0,230,inf,12674.0,22832,30859
904,openb-pod-7663,0,460,inf,5758.0,8880,14493
905,openb-pod-1875,0,230,inf,1417.0,2482,3511
906,openb-pod-5853,0,320,inf,12549.0,23351,30305
907,openb-pod-3548,0,320,8024.0,4344.0,6305,11072
908,openb-pod-6748,0,110,inf,374115.0,610048,920305
909,openb-pod-4110,0,460,inf,5758.0,9418,14104
910,openb-pod-5465,0,220,inf,10228.0,19457,25034
911,openb-pod-4158,0,330,inf,7231.0,14064,17440
912,openb-pod-1294,0,320,inf,3221.0,4796,8086
913,openb-pod-7478,0,650,2818.0,1451.0,2072,3790
914,openb-pod-3525,0,320,12142.0,4837.0,8620,11850
915,openb-pod-3302,0,470,2244.0,1411.0,2026,3395
916,openb-pod-4513,0,650,inf,3655.0,6521,8860
917,openb-pod-7286,0,320,inf,1864.0,3566,4686
918,openb-pod-3967,0,650,inf,1507.0,2250,3850
919,openb-pod-4876,0,470,inf,4192.0,7671,10468
920,openb-pod-7756,0,460,inf,1049.0,1511,2610
921,openb-pod-3552,0,320,inf,16793.0,30124,40444
922,openb-pod-3158,0,320,inf,26115.0,50199,62752
923,openb-pod-7914,0,320,inf,3673.0,6864,9020
924,openb-pod-7473,0,650,inf,2849.0,4036,7454
925,openb-pod-3013,0,320,inf,43251.0,80791,110111
926,openb-pod-4776,0,320,inf,18457.0,35925,47389
927,openb-pod-3595,0,160,inf,1411.0,2675,3496
928,openb-pod-8141,0,230,inf,3578.0,6450,8678
929,openb-pod-2409,0,320,inf,3855.0,6261,9748
930,openb-pod-7452,0,470,inf,3847.0,5444,9775
931,openb-pod-6408,0,320,inf,1749.0,2773,4214
932,openb-pod-1894,0,460,inf,10212916.0,15473671,26328154
933,openb-pod-7108,0,220,inf,18296.0,27663,46026
934,openb-pod-4760,0,320,inf,4248.0,6563,10748
935,openb-pod-3771,0,470,inf,11841.0,19366,29133
936,openb-pod-2440,0,650,inf,2490.0,4967,6032
937,openb-pod-4153,0,650,inf,1190.0,2146,2957
938,openb-pod-2148,0,470,inf,2828.0,4961,7061
939,openb-pod-5959,0,220,inf,9925.0,19005,23906
940,openb-pod-6225,0,160,inf,1389.0,2447,3650
941,openb-pod-4980,0,460,inf,1080.0,1929,2830
942,openb-pod-5890,0,220,inf,294651.0,560380,768882
943,openb-pod-6399,0,650,inf,2849.0,5116,7555
944,openb-pod-8113,0,460,inf,1019.0,1791,2568
945,openb-pod-1969,0,160,inf,2427.0,4737,6006
946,openb-pod-4103,0,470,inf,1958.0,3547,4826
947,openb-pod-7065,0,460,inf,1499.0,2882,3826
948,openb-pod-2682,0,460,inf,2700.0,5249,6948
949,openb-pod-5363,0,470,inf,1967.0,2876,5117
950,openb-pod-5565,0,320,inf,48850.0,97648,126218
951,openb-pod-3519,0,330,inf,9663.0,14653,23422
952,openb-pod-3614,0,160,inf,26313.0,39738,63501
953,openb-pod-4494,0,230,inf,1417.0,2633,3641
954,openb-pod-4532,0,470,inf,6271.0,9160,15119
955,openb-pod-2199,0,470,inf,13064.0,23249,31788
956,openb-pod-3729,0,470,inf,13597.0,20054,33496
957,openb-pod-2242,0,160,inf,2427.0,3581,6273
958,openb-pod-5563,0,470,3715.0,1295.0,2032,3437
959,openb-pod-6146,0,470,inf,7026.0,12486,18277
960,openb-pod-5918,0,470,inf,1223.0,2271,3224
961,openb-pod-7781,0,110,inf,9059.0,16994,22713
962,openb-pod-4238,0,230,inf,2524.0,4629,6654
963,openb-pod-2508,0,650,inf,1689.0,3038,4252
964,openb-pod-7568,0,460,inf,1080.0,1728,2841
965,openb-pod-7143,0,320,inf,15004.0,25669,37549
966,openb-pod-4830,0,160,inf,6486.0,10383,16453
967,openb-pod-2656,0,320,inf,20410.0,30312,51511
968,openb-pod-5384,0,460,inf,2396.0,3655,6151
969,openb-pod-3266,0,810,662314.0,235236.0,365633,624888
970,openb-pod-7067,0,220,inf,72698.0,132505,189917
971,openb-pod-3710,0,320,inf,11810.0,22401,31227
972,openb-pod-7727,0,810,inf,31817.0,53597,81437
973,openb-pod-2139,0,320,inf,4380.0,7945,11638
974,openb-pod-5410,0,650,inf,5154.0,8147,13026
975,openb-pod-1097,0,470,10324.0,6058.0,8977,15330
976,openb-pod-8010,0,320,31149.0,10586.0,17577,26331
977,openb-pod-4298,0,650,inf,1727.0,2791,4197
978,openb-pod-7044,0,220,inf,1129.0,1677,2812
979,openb-pod-4796,0,320,inf,5091.0,9760,12239
980,openb-pod-2900,0,650,inf,11568.0,20399,28857
981,openb-pod-4030,0,320,inf,8794.0,13230,22790
982,openb-pod-1236,0,160,inf,1301.0,2192,3210
983,openb-pod-3828,0,470,5718.0,3184.0,6330,7729
984,openb-pod-2762,0,230,inf,7102.0,12696,17882
985,openb-pod-6893,0,470,inf,4468.0,6565,11143
986,openb-pod-6413,0,230,inf,12206.0,19979,31975
987,openb-pod-3870,0,320,16864.0,11810.0,19799,31052
988,openb-pod-6720,0,460,inf,1799.0,3077,4659
989,openb-pod-7016,0,320,inf,10084.0,14565,26284
990,openb-pod-7653,0,470,inf,3195.0,6261,7895
991,openb-pod-5019,0,810,inf,114035.0,162430,298106
992,openb-pod-3694,0,320,inf,4248.0,8387,10279
993,openb-pod-4511,0,320,34174.0,23537.0,44873,61025
994,openb-pod-4771,0,320,inf,14776.0,27759,37237
995,openb-pod-6784,0,470,inf,3034.0,4311,7417
996,openb-pod-3998,0,470,inf,9518.0,15605,23681
997,openb-pod-5946,0,320,inf,1067.0,2102,2837
998,openb-pod-6435,0,650,inf,2708.0,5410,7183
999,openb-pod-4962,0,650,inf,3212.0,5317,8386
1000,openb-pod-3671,0,50,inf,23497.0,38183,58590
1001,openb-pod-3942,0,160,inf,1016.0,1524,2661
1002,openb-pod-1770,0,470,6092.0,4103.0,7989,9907
1003,openb-pod-8036,0,470,inf,2252.0,3467,5406
1004,openb-pod-7175,0,110,inf,22724.0,44492,54850
1005,openb-pod-6308,0,470,inf,4572.0,9006,11677
1006,openb-pod-3977,0,220,inf,9036.0,13136,23685
1007,openb-pod-7566,0,470,2850.0,1020.0,1516,2461
1008,openb-pod-3333,0,460,inf,2700.0,4429,7014
1009,openb-pod-5324,0,320,inf,12198.0,17570,30647
1010,openb-pod-6719,0,320,inf,5410.0,8228,13276
1011,openb-pod-6455,0,320,inf,1126.0,1869,2866
1012,openb-pod-3789,0,470,inf,1122.0,1891,2900
1013,openb-pod-1908,0,110,inf,5577.0,8577,14539
1014,openb-pod-6372,0,320,9995.0,3671.0,6548,9602
1015,openb-pod-7069,0,320,inf,9153.0,14541,22696
1016,openb-pod-6510,0,220,inf,7337.0,12917,19367
1017,openb-pod-4862,0,650,inf,1302.0,1903,3240
1018,openb-pod-6068,0,460,inf,3425986.0,4950289,8558559
1019,openb-pod-3622,0,320,inf,5613.0,9151,14855
1020,openb-pod-3839,0,650,inf,1238.0,2001,2983
1021,openb-pod-5050,0,160,inf,20422.0,39723,53962
1022,openb-pod-4002,0,160,inf,2026.0,2931,5368
1023,openb-pod-3087,0,230,inf,12674.0,18187,32359
1024,openb-pod-2651,0,470,inf,4275.0,6474,11135
1025,openb-pod-1751,0,220,inf,3441.0,5139,8801
1026,openb-pod-7855,0,230,38470.0,17714.0,27299,43143
1027,openb-pod-2136,0,460,inf,1229.0,2257,3121
1028,openb-pod-6824,0,160,inf,1256.0,2419,3151
1029,openb-pod-5027,0,320,inf,2340.0,3554,5690
1030,openb-pod-6291,0,470,inf,37965.0,71467,95507
1031,openb-pod-5801,0,470,2978.0,1710.0,3025,4123
1032,openb-pod-3380,0,110,12609.0,8363.0,16551,20302
1033,openb-pod-6329,0,470,inf,1448.0,2074,3535
1034,openb-pod-4649,0,220,inf,2721.0,5417,7094
1035,openb-pod-6934,0,470,inf,1122.0,2203,2703
1036,openb-pod-6713,0,320,19591.0,6668.0,11444,17099
1037,openb-pod-3670,0,220,inf,17388.0,27519,44268
1038,openb-pod-2384,0,220,inf,27968.0,39831,70491
1039,openb-pod-6136,0,220,inf,18296.0,27183,46664
1040,openb-pod-7981,0,320,inf,12549.0,22483,31186
1041,openb-pod-3357,0,320,inf,1315.0,2542,3218
1042,openb-pod-5264,0,320,inf,4559.0,8735,11390
1043,openb-pod-6260,0,320,inf,18637.0,37053,49034
1044,openb-pod-5930,0,330,inf,9663.0,14378,23534
1045,openb-pod-5582,0,460,inf,2931.0,4423,7709
1046,openb-pod-7194,0,160,inf,1411.0,2224,3678
1047,openb-pod-2931,0,220,inf,1106.0,1985,2879
1048,openb-pod-5507,0,470,inf,5708.0,9084,14537
1049,openb-pod-8019,0,320,inf,12549.0,22954,30514
1050,openb-pod-3988,0,650,2293.0,1316.0,2150,3180
1051,openb-pod-4942,0,460,inf,21598.0,35782,56650
1052,openb-pod-1225,0,320,inf,4379.0,6836,11062
1053,openb-pod-4626,0,320,8068.0,5523.0,8556,13458
1054,openb-pod-2174,0,650,20883.0,13690.0,24736,35165
1055,openb-pod-1990,0,460,inf,25439.0,42882,66627
1056,openb-pod-2902,0,160,inf,27916.0,53663,73987
1057,openb-pod-6318,0,320,inf,5366.0,10018,13685
1058,openb-pod-6820,0,810,99760.0,60796.0,91030,158641
1059,openb-pod-5075,0,650,inf,1217.0,2321,3046
1060,openb-pod-6929,0,230,inf,10190.0,15753,25921
1061,openb-pod-2446,0,810,242397.0,114715.0,186136,289870
1062,openb-pod-5099,0,470,6679.0,3752.0,6075,9039
1063,openb-pod-1879,0,460,inf,2931.0,5694,7190
1064,openb-pod-3518,0,320,inf,2563.0,4410,6307
1065,openb-pod-3400,0,810,inf,44849.0,84112,108787
1066,openb-pod-3755,0,470,inf,1466.0,2210,3865
1067,openb-pod-5485,0,470,inf,1710.0,2580,4107
1068,openb-pod-3927,0,480,inf,1177.0,2310,2999
1069,openb-pod-6476,0,470,inf,8999.0,17017,22870
1070,openb-pod-5290,0,470,inf,3772.0,6967,9985
1071,openb-pod-2462,0,650,inf,11380.0,17357,28105
1072,openb-pod-2129,0,470,inf,9688.0,15320,25065
1073,openb-pod-7170,0,320,inf,1864.0,2956,4531
1074,openb-pod-4427,0,470,inf,1659.0,3297,4314
1075,openb-pod-1384,0,470,inf,4192.0,6844,10704
1076,openb-pod-4125,0,810,inf,187120.0,305679,454624
1077,openb-pod-6554,0,650,inf,2590.0,4688,6227
1078,openb-pod-5613,0,650,5296.0,2194.0,4211,5380
1079,openb-pod-3545,0,470,inf,10371.0,20383,26592
1080,openb-pod-6992,0,220,inf,13778.0,25004,35463
1081,openb-pod-4582,0,110,inf,9059.0,15037,21771
1082,openb-pod-3827,0,470,inf,3752.0,7308,9309
1083,openb-pod-5259,0,320,inf,9479.0,14289,23105
1084,openb-pod-3078,0,650,inf,3197.0,5259,8334
1085,openb-pod-5896,0,650,inf,1281.0,2304,3302
1086,openb-pod-7561,0,470,inf,1448.0,2798,3686
1087,openb-pod-5169,0,650,2981.0,1981.0,2987,5265
1088,openb-pod-5034,0,220,inf,9928.0,15971,25193
1089,openb-pod-7013,0,320,32560.0,11810.0,19072,31230
1090,openb-pod-7830,0,650,inf,2099.0,3364,5458
1091,openb-pod-6324,0,320,39802.0,26115.0,51052,63953
1092,openb-pod-7127,0,470,inf,14551.0,25106,36255
1093,openb-pod-5105,0,460,4760.0,1855.0,2869,4695
1094,openb-pod-6492,0,460,inf,52559.0,87418,133157
1095,openb-pod-3863,0,320,inf,4294.0,8101,10313
1096,openb-pod-4475,0,460,inf,7380.0,14505,19561
1097,openb-pod-4321,0,320,inf,26115.0,42872,65320
1098,openb-pod-3430,0,160,inf,2220.0,3130,5347
1099,openb-pod-4587,0,470,inf,3384.0,6485,8795
1100,openb-pod-2059,0,320,inf,25559.0,39638,63750
1101,openb-pod-1722,0,110,inf,4342.0,7951,11354
1102,openb-pod-4161,0,460,27818.0,11939.0,22712,29718
1103,openb-pod-2557,0,220,inf,10704.0,18188,25693
1104,openb-pod-4001,0,470,inf,3034.0,4528,7422
1105,openb-pod-2874,0,470,inf,13597.0,24480,35907
1106,openb-pod-4270,0,470,inf,2580.0,3932,6265
1107,openb-pod-2899,0,650,3879.0,2067.0,4120,5284
1108,openb-pod-7613,0,650,4233.0,1903.0,3737,5043
1109,openb-pod-8124,0,460,inf,1499.0,2623,3640
1110,openb-pod-2596,0,320,inf,106344.0,181938,277935
1111,openb-pod-1637,0,650,inf,1777.0,2544,4442
1112,openb-pod-1233,0,650,inf,12507.0,21567,32179
1113,openb-pod-4823,0,470,inf,1363.0,2261,3348
1114,openb-pod-4350,0,320,inf,8595.0,13961,21875
1115,openb-pod-7049,0,160,inf,5868.0,9007,15426
1116,openb-pod-1101,0,460,inf,1080.0,1952,2719
1117,openb-pod-6555,0,320,13498.0,7888.0,12540,19663
1118,openb-pod-6241,0,320,inf,6547.0,13089,16863
1119,openb-pod-4235,0,320,8116.0,2999.0,4763,7731
1120,openb-pod-4098,0,650,inf,1728.0,2753,4422
1121,openb-pod-2948,0,650,inf,2127.0,3211,5188
1122,openb-pod-6483,0,810,inf,31817.0,55827,80110
1123,openb-pod-5361,0,230,inf,17714.0,33435,43866
1124,openb-pod-1831,0,160,inf,2026.0,3425,5189
1125,openb-pod-1917,0,470,inf,2995.0,4865,7442
1126,openb-pod-7507,0,220,18717.0,8537.0,12866,21692
1127,openb-pod-1677,0,460,inf,26697.0,39817,67058
1128,openb-pod-1797,0,650,5097.0,1904.0,2701,4630
1129,openb-pod-2582,0,320,inf,7765.0,12087,20362
1130,openb-pod-7632,0,470,inf,6372.0,11431,16683
1131,openb-pod-2549,0,160,inf,1301.0,2445,3183
1132,openb-pod-3339,0,220,inf,9925.0,16180,25907
1133,openb-pod-1517,0,320,inf,1984.0,3742,4893
1134,openb-pod-2595,0,320,inf,23843.0,45751,60514
1135,openb-pod-6744,0,320,53185.0,26641.0,48617,68919
1136,openb-pod-2554,0,650,inf,1903.0,3663,4989
1137,openb-pod-1231,0,320,inf,23299.0,34735,58993
1138,openb-pod-6523,0,320,inf,22864.0,36395,60512
1139,openb-pod-2444,0,230,inf,2586.0,3865,6330
1140,openb-pod-1688,0,650,inf,2781.0,4259,6737
1141,openb-pod-3239,0,160,inf,2175.0,4041,5527
1142,openb-pod-7826,0,320,inf,1013.0,1507,2466
1143,openb-pod-6643,0,320,inf,65758.0,98781,167555
1144,openb-pod-2965,0,320,inf,7365.0,12476,18977
1145,openb-pod-7890,0,220,inf,6131.0,11728,16058
1146,openb-pod-3650,0,320,inf,1013.0,1434,2442
1147,openb-pod-3951,0,460,inf,1798.0,3586,4441
1148,openb-pod-1274,0,320,inf,1308.0,1875,3328
1149,openb-pod-1662,0,320,10500.0,3646.0,5666,9163
1150,openb-pod-3865,0,160,inf,8145.0,12474,21588
1151,openb-pod-2473,0,810,inf,52885.0,80306,139575
1152,openb-pod-5756,0,650,inf,1727.0,2742,4201
1153,openb-pod-5078,0,460,inf,9300.0,16406,22627
1154,openb-pod-6074,0,460,inf,291826.0,446367,704019
1155,openb-pod-3062,0,230,inf,2554.0,4159,6252
1156,openb-pod-6293,0,650,inf,1126.0,1617,2890
1157,openb-pod-3118,0,220,inf,3877.0,6265,10172
1158,openb-pod-2611,0,650,inf,3212.0,4808,8344
1159,openb-pod-1108,0,470,inf,4911.0,8845,12819
1160,openb-pod-1817,0,320,inf,1984.0,2968,4927
1161,openb-pod-4723,0,460,inf,1796.0,2900,4713
1162,openb-pod-4987,0,470,inf,10618.0,19559,26663
1163,openb-pod-7319,0,110,inf,3100.0,5598,8200
1164,openb-pod-2363,0,320,inf,1945.0,3013,5008
1165,openb-pod-5804,0,320,inf,3118.0,5623,7636
1166,openb-pod-6913,0,460,inf,1799.0,3136,4723
1167,openb-pod-3042,0,460,inf,66163.0,104036,173210
1168,openb-pod-3305,0,460,inf,193496.0,319095,504488
1169,openb-pod-4911,0,650,3150.0,1365.0,2271,3324
1170,openb-pod-5578,0,160,inf,36275.0,51625,91831
1171,openb-pod-6503,0,470,2875.0,2031.0,3381,5317
1172,openb-pod-6938,0,160,inf,1389.0,2097,3679
1173,openb-pod-3539,0,470,inf,4246.0,7437,11251
1174,openb-pod-6853,0,470,inf,4021.0,7722,10223
1175,openb-pod-5146,0,320,inf,7888.0,14096,20630
1176,openb-pod-3562,0,470,inf,2330.0,4095,6066
1177,openb-pod-1558,0,230,inf,6936.0,10467,18232
1178,openb-pod-6487,0,230,inf,2543.0,3704,6193
1179,openb-pod-1533,0,470,inf,1063.0,1618,2607
1180,openb-pod-7291,0,320,inf,3772.0,6294,9215
1181,openb-pod-6665,0,220,31726.0,14192.0,22263,35388
1182,openb-pod-2732,0,460,inf,1710.0,2905,4220
1183,openb-pod-2896,0,460,inf,2700.0,4749,6672
1184,openb-pod-4086,0,220,inf,20827.0,39165,55396
1185,openb-pod-3384,0,320,inf,25974.0,41020,67224
1186,openb-pod-3655,0,650,inf,2506.0,4165,6421
1187,openb-pod-5780,0,470,inf,1607.0,2335,4182
1188,openb-pod-6662,0,470,inf,1020.0,1655,2655
1189,openb-pod-2954,0,320,inf,6439.0,12588,16269
1190,openb-pod-5311,0,470,inf,2863.0,4897,7381
1191,openb-pod-4138,0,220,inf,4554.0,7904,11334
1192,openb-pod-1643,0,230,inf,2543.0,4094,6378
1193,openb-pod-4843,0,320,inf,4379.0,7382,11145
1194,openb-pod-3498,0,320,inf,2096.0,4128,5301
1195,openb-pod-7641,0,470,inf,1296.0,2329,3373
1196,openb-pod-4052,0,470,inf,3772.0,6897,9986
1197,openb-pod-3505,0,320,inf,20489.0,38989,50727
1198,openb-pod-8108,0,320,inf,25974.0,51599,62378
1199,openb-pod-4797,0,460,inf,1200.0,1895,2927
1200,openb-pod-1466,0,810,inf,22297.0,32162,56349
1201,openb-pod-1601,0,650,inf,2127.0,3706,5107
1202,openb-pod-6764,0,650,39614.0,13690.0,21732,36312
1203,openb-pod-1428,0,320,inf,16521.0,32863,39825
1204,openb-pod-5131,0,320,inf,5365.0,9889,13904
1205,openb-pod-5430,0,320,inf,5365.0,10614,13204
1206,openb-pod-5356,0,370,inf,4972.0,9917,12650
1207,openb-pod-2407,0,320,inf,40717.0,60169,100347
1208,openb-pod-8119,0,650,inf,1062.0,1875,2676
1209,openb-pod-5306,0,440,inf,3231252.0,4954352,7915645
1210,openb-pod-3138,0,320,inf,4380.0,6871,10895
1211,openb-pod-7046,0,460,inf,2700.0,4332,7051
1212,openb-pod-4873,0,460,inf,2401.0,3544,6036
1213,openb-pod-4836,0,470,inf,1232.0,2174,3126
1214,openb-pod-2305,0,320,inf,19302.0,31923,51260
1215,openb-pod-2498,0,320,inf,75073.0,110958,196196
1216,openb-pod-6882,0,320,inf,3118.0,5213,7495
1217,openb-pod-7580,0,320,inf,13570.0,24465,32809
1218,openb-pod-3010,0,50,inf,43002.0,77921,113828
1219,openb-pod-5710,0,480,inf,11116.0,16523,27892
1220,openb-pod-2480,0,470,inf,5708.0,11027,14620
1221,openb-pod-6457,0,320,inf,7890.0,12507,19993
1222,openb-pod-6271,0,470,inf,2031.0,3678,4975
1223,openb-pod-2337,0,220,inf,13234.0,24724,35044
1224,openb-pod-4029,0,460,146546.0,70080.0,117022,169728
1225,openb-pod-1916,0,320,inf,16793.0,23621,43089
1226,openb-pod-6267,0,470,inf,3847.0,5592,9797
1227,openb-pod-4803,0,470,inf,11356.0,17743,27955
1228,openb-pod-5220,0,470,inf,2113.0,2978,5243
1229,openb-pod-7517,0,470,3896.0,2031.0,3657,4958
1230,openb-pod-5416,0,470,inf,7985.0,14390,19707
1231,openb-pod-7303,0,160,inf,2220.0,4109,5427
1232,openb-pod-5190,0,650,inf,2490.0,4795,6462
1233,openb-pod-2492,0,650,inf,4222.0,7176,10561
1234,openb-pod-1146,0,650,inf,2120.0,3667,5214
1235,openb-pod-3619,0,650,inf,1216.0,1957,3170
1236,openb-pod-8105,0,220,inf,14192.0,22749,34466
1237,openb-pod-5791,0,320,inf,4987.0,7251,13011
1238,openb-pod-6374,0,220,inf,9928.0,16949,25006
1239,openb-pod-5762,0,320,inf,1359.0,2506,3552
1240,openb-pod-4957,0,470,inf,1232.0,1758,2962
1241,openb-pod-6776,0,220,inf,1106.0,1701,2933
1242,openb-pod-7417,0,320,inf,7765.0,14008,18819
1243,openb-pod-5808,0,320,inf,1736.0,2909,4223
1244,openb-pod-7773,0,220,inf,14230.0,26573,35690
1245,openb-pod-7870,0,320,inf,12198.0,23183,29861
1246,openb-pod-4137,0,320,inf,6241.0,9659,15670
1247,openb-pod-7740,0,320,inf,6547.0,10213,16139
1248,openb-pod-4852,0,320,inf,6069.0,10791,14988
1249,openb-pod-5702,0,320,inf,7888.0,13282,19081
1250,openb-pod-1860,0,650,inf,1391.0,2328,3366
1251,openb-pod-1781,0,470,inf,2252.0,3431,5534
1252,openb-pod-6756,0,470,inf,8999.0,14835,21732
1253,openb-pod-2722,0,320,15638.0,10586.0,16467,27631
1254,openb-pod-3554,0,650,inf,1377.0,2748,3396
1255,openb-pod-6798,0,810,inf,79992.0,119069,200002
1256,openb-pod-3633,0,220,inf,7337.0,12225,19270
1257,openb-pod-6751,0,460,inf,1798.0,2972,4342
1258,openb-pod-3197,0,220,126110.0,55562.0,82112,134113
1259,openb-pod-3168,0,470,inf,3580.0,5095,8811
1260,openb-pod-4401,0,470,inf,3384.0,5857,8528
1261,openb-pod-2323,0,320,inf,30483.0,58852,80869
1262,openb-pod-2475,0,320,inf,4837.0,6858,12594
1263,openb-pod-7877,0,320,inf,1945.0,3148,4784
1264,openb-pod-7346,0,320,inf,10597.0,17936,26716
1265,openb-pod-2562,0,230,inf,7102.0,10591,18306
1266,openb-pod-6154,0,650,inf,2815.0,4395,7109
1267,openb-pod-3630,0,320,inf,1209.0,2123,3157
1268,openb-pod-2851,0,650,inf,1280.0,2396,3102
1269,openb-pod-6203,0,320,39850.0,16793.0,30539,43601
1270,openb-pod-6646,0,320,10312.0,6443.0,9058,15940
1271,openb-pod-2193,0,320,inf,25974.0,40634,63043
1272,openb-pod-2710,0,470,inf,7185.0,11973,19035
1273,openb-pod-2953,0,460,inf,1379.0,2454,3588
1274,openb-pod-1372,0,320,inf,3660.0,6535,9171
1275,openb-pod-4252,0,220,inf,5456.0,9780,13919
1276,openb-pod-6960,0,320,64036.0,31053.0,48150,82146
1277,openb-pod-2553,0,160,inf,24015.0,41726,60070
1278,openb-pod-6980,0,650,inf,3721.0,7127,9515
1279,openb-pod-3334,0,650,2997.0,1132.0,1771,2725
1280,openb-pod-3047,0,320,inf,5160.0,8495,12591
1281,openb-pod-2247,0,230,inf,2543.0,4390,6120
1282,openb-pod-3240,0,160,inf,1135.0,1662,2784
1283,openb-pod-5291,0,470,inf,3356.0,6389,8507
1284,openb-pod-2477,0,470,inf,11842.0,21827,29759
1285,openb-pod-1694,0,110,inf,19027.0,30822,47943
1286,openb-pod-5213,0,460,5921.0,2399.0,3848,6058
1287,openb-pod-6138,0,650,inf,1859.0,2914,4684
1288,openb-pod-3849,0,650,inf,1447.0,2079,3584
1289,openb-pod-3769,0,650,inf,2227.0,3519,5683
1290,openb-pod-4913,0,460,inf,1021.0,1494,2504
1291,openb-pod-1226,0,460,inf,1736.0,3088,4514
1292,openb-pod-5411,0,320,inf,13786.0,25414,35036
1293,openb-pod-1552,0,160,inf,26313.0,48543,68781
1294,openb-pod-3041,0,650,inf,3655.0,6511,9533
1295,openb-pod-7754,0,440,inf,15722.0,29150,40284
1296,openb-pod-4898,0,480,inf,7685.0,13747,20247
1297,openb-pod-4437,0,460,inf,4328.0,6719,11475
1298,openb-pod-5174,0,460,inf,25860.0,47797,68083
1299,openb-pod-3264,0,320,inf,6443.0,10382,16257
1300,openb-pod-4355,0,320,2734.0,1518.0,2940,4002
1301,openb-pod-6676,0,220,inf,14192.0,25929,35900
1302,openb-pod-4879,0,650,inf,2194.0,4012,5561
1303,openb-pod-3500,0,230,inf,1475.0,2675,3570
1304,openb-pod-1281,0,460,inf,1855.0,3497,4455
1305,openb-pod-2812,0,460,inf,66163.0,98571,165169
1306,openb-pod-3220,0,650,2496.0,2067.0,3975,5117
1307,openb-pod-3136,0,230,inf,1475.0,2331,3908
1308,openb-pod-4921,0,160,inf,20604.0,36509,49973
1309,openb-pod-6821,0,650,inf,1447.0,2645,3762
1310,openb-pod-4508,0,480,inf,3596.0,5538,9113
1311,openb-pod-6636,0,320,inf,4538.0,8201,11023
1312,openb-pod-7235,0,320,inf,40717.0,63071,102280
1313,openb-pod-2903,0,460,inf,1710.0,3365,4492
1314,openb-pod-3070,0,470,inf,11356.0,21730,27411
1315,openb-pod-2685,0,470,inf,2939.0,5002,7794
1316,openb-pod-4114,0,320,inf,3660.0,5778,9524
1317,openb-pod-3586,0,320,inf,5160.0,10061,13287
1318,openb-pod-7250,0,460,inf,2371.0,4649,6232
1319,openb-pod-3452,0,650,inf,1539.0,2944,4073
1320,openb-pod-4861,0,460,inf,10212916.0,16644657,26647576
1321,openb-pod-5847,0,160,inf,1256.0,2145,3264
1322,openb-pod-6797,0,320,inf,10811.0,20870,28545
1323,openb-pod-3976,0,220,inf,7337.0,10506,17915
1324,openb-pod-1899,0,650,inf,6875.0,10453,18196
1325,openb-pod-4255,0,470,inf,1182.0,1751,2955
1326,openb-pod-2548,0,470,inf,1058.0,1739,2643
1327,openb-pod-6449,0,160,inf,2427.0,3547,6321
1328,openb-pod-3599,0,810,inf,114715.0,199719,295855
1329,openb-pod-6259,0,160,inf,2848.0,5347,6918
1330,openb-pod-6813,0,650,inf,3197.0,4783,7979
1331,openb-pod-6112,0,320,inf,10817.0,21095,28587
1332,openb-pod-2975,0,220,inf,4296.0,6153,11395
1333,openb-pod-5200,0,320,inf,4905.0,6958,11895
1334,openb-pod-5660,0,220,inf,18764.0,32299,47264
1335,openb-pod-2755,0,650,1841.0,1327.0,2552,3376
1336,openb-pod-7705,0,160,inf,4440.0,6398,10877
1337,openb-pod-3044,0,470,5709.0,2348.0,4167,5748
1338,openb-pod-5106,0,320,inf,1201.0,1781,2959
1339,openb-pod-4565,0,320,inf,2096.0,3423,5106
1340,openb-pod-3862,0,320,inf,2895.0,4696,7615
1341,openb-pod-7983,0,320,inf,1013.0,1589,2661
1342,openb-pod-4075,0,460,inf,49498.0,92682,130609
1343,openb-pod-5508,0,650,inf,1138.0,1831,2909
1344,openb-pod-1303,0,320,inf,7443.0,11271,19678
1345,openb-pod-6540,0,470,inf,3333.0,5135,8290
1346,openb-pod-8046,0,320,inf,20489.0,29597,51223
1347,openb-pod-5376,0,650,inf,1245.0,1943,3015
1348,openb-pod-8100,0,470,inf,3007.0,5394,7293
1349,openb-pod-5464,0,470,inf,4212.0,7374,11041
1350,openb-pod-4028,0,470,inf,2330.0,3538,6193
1351,openb-pod-4305,0,650,inf,3126.0,5490,7933
1352,openb-pod-2234,0,110,inf,2598.0,4434,6844
1353,openb-pod-5359,0,650,inf,2067.0,3236,5440
1354,openb-pod-5064,0,140,inf,521659.0,902742,1299901
1355,openb-pod-7053,0,160,inf,28306.0,52883,68284
1356,openb-pod-4387,0,460,inf,1528.0,2578,3678
1357,openb-pod-8087,0,470,inf,4275.0,7460,10957
1358,openb-pod-7305,0,320,inf,2730.0,4579,7053
1359,openb-pod-5444,0,470,inf,6372.0,12272,15426
1360,openb-pod-2625,0,650,2991.0,1022.0,1560,2512
1361,openb-pod-1340,0,320,inf,15578.0,26984,40056
1362,openb-pod-2388,0,480,inf,7685.0,11591,18872
1363,openb-pod-2316,0,320,inf,8448.0,15556,22358
1364,openb-pod-6732,0,470,inf,2348.0,4042,6021
1365,openb-pod-7326,0,320,7649.0,3221.0,6112,7939
1366,openb-pod-6347,0,220,inf,7337.0,12098,18691
1367,openb-pod-2994,0,470,inf,1086.0,1958,2680
1368,openb-pod-5085,0,480,15424.0,5365.0,9103,14089
1369,openb-pod-4246,0,470,inf,1854.0,2889,4678
1370,openb-pod-5588,0,320,3119.0,2305.0,4246,5766
1371,openb-pod-7711,0,650,inf,2067.0,3326,5178
1372,openb-pod-5342,0,650,inf,1245.0,2038,2993
1373,openb-pod-4197,0,460,inf,2039.0,3572,5099
1374,openb-pod-4012,0,320,inf,8146.0,15248,21349
1375,openb-pod-6384,0,220,inf,13234.0,25630,33030
1376,openb-pod-4090,0,470,inf,4058.0,7502,9886
1377,openb-pod-4682,0,650,inf,1598.0,2669,3922
1378,openb-pod-1162,0,810,inf,75663.0,140956,187089
1379,openb-pod-2890,0,320,inf,2563.0,3842,6554
1380,openb-pod-6424,0,220,6739.0,2719.0,3829,6642
1381,openb-pod-7500,0,650,inf,2557.0,4446,6452
1382,openb-pod-1818,0,470,inf,1296.0,2460,3195
1383,openb-pod-7009,0,220,inf,9036.0,15091,23025
1384,openb-pod-5690,0,320,inf,11810.0,17906,31376
1385,openb-pod-2001,0,320,inf,1974.0,3423,4757
1386,openb-pod-6983,0,320,inf,1148.0,1844,2780
1387,openb-pod-4914,0,320,inf,40825.0,63667,100753
1388,openb-pod-5787,0,470,inf,13064.0,24569,34159
1389,openb-pod-1761,0,460,inf,3299.0,4784,8568
1390,openb-pod-5247,0,810,inf,44558.0,78313,111829
1391,openb-pod-2159,0,650,inf,1365.0,2666,3350
1392,openb-pod-6639,0,320,inf,4379.0,8600,10841
1393,openb-pod-7804,0,460,31579.0,14993.0,22720,36994
1394,openb-pod-7553,0,320,inf,1126.0,1723,2756
1395,openb-pod-5942,0,470,inf,2828.0,4329,7355
1396,openb-pod-5944,0,470,inf,4468.0,6692,11072
1397,openb-pod-5088,0,320,inf,23299.0,39971,59220
1398,openb-pod-7597,0,480,inf,3596.0,6334,8919
1399,openb-pod-4306,0,470,inf,1266.0,1778,3294
1400,openb-pod-5928,0,220,4667.0,2026.0,3738,5139
1401,openb-pod-2380,0,320,inf,10597.0,15830,26096
1402,openb-pod-2580,0,160,inf,6486.0,9917,16255
1403,openb-pod-5073,0,230,inf,7102.0,13870,18370
1404,openb-pod-3637,0,320,inf,10811.0,21482,26693
1405,openb-pod-6877,0,650,inf,4543.0,8869,10966
1406,openb-pod-5881,0,220,inf,2721.0,3913,6762
1407,openb-pod-5641,0,220,inf,11852.0,16718,30156
1408,openb-pod-1898,0,460,inf,1710.0,2760,4526
1409,openb-pod-6232,0,230,inf,1180.0,2233,2886
1410,openb-pod-2369,0,320,inf,1569.0,2266,3771
1411,openb-pod-7627,0,220,inf,7076.0,13421,18756
1412,openb-pod-1804,0,320,inf,3673.0,5950,9450
1413,openb-pod-1166,0,460,inf,14699.0,27714,37507
1414,openb-pod-4887,0,50,inf,28616.0,45662,70432
1415,openb-pod-4130,0,470,5316.0,4058.0,5902,10453
1416,openb-pod-8057,0,160,inf,2848.0,5580,7410
1417,openb-pod-6525,0,470,inf,9389.0,16205,22890
1418,openb-pod-6683,0,650,inf,12507.0,18574,33250
1419,openb-pod-8089,0,810,inf,79992.0,131629,199895
1420,openb-pod-1635,0,470,inf,3843.0,6938,9739
1421,openb-pod-5760,0,470,inf,1313.0,2138,3182
1422,openb-pod-5639,0,230,inf,1213.0,1727,2965
1423,openb-pod-7408,0,110,inf,2510.0,4498,6024
1424,openb-pod-5052,0,50,inf,28616.0,56113,69310
1425,openb-pod-2987,0,320,inf,75073.0,143228,199352
1426,openb-pod-4981,0,320,inf,4905.0,8727,12873
1427,openb-pod-2460,0,460,inf,2039.0,3940,5243
1428,openb-pod-2708,0,320,37994.0,19425.0,31751,51625
1429,openb-pod-1561,0,650,inf,1327.0,1993,3356
1430,openb-pod-2985,0,320,inf,6547.0,12535,16854
1431,openb-pod-7943,0,320,inf,1315.0,1848,3199
1432,openb-pod-6218,0,320,inf,1984.0,3865,5270
1433,openb-pod-4502,0,460,inf,1019.0,1644,2499
1434,openb-pod-5617,0,320,inf,12578.0,21936,32786
1435,openb-pod-5668,0,470,inf,4275.0,7353,10751
1436,openb-pod-6618,0,470,inf,1058.0,1964,2663
1437,openb-pod-8121,0,320,1664.0,1126.0,2066,2917
1438,openb-pod-2205,0,650,inf,1245.0,1921,3211
1439,openb-pod-3516,0,470,inf,1296.0,2399,3275
1440,openb-pod-4681,0,650,inf,3126.0,5861,8214
1441,openb-pod-1181,0,320,inf,10084.0,16854,24295
1442,openb-pod-2672,0,320,inf,1359.0,2295,3453
1443,openb-pod-1907,0,650,inf,1550.0,2759,3738
1444,openb-pod-4353,0,650,inf,12507.0,22761,33208
1445,openb-pod-2809,0,160,inf,1135.0,1956,2994
1446,openb-pod-4109,0,470,inf,10618.0,17873,27565
1447,openb-pod-7364,0,320,inf,2340.0,3589,5959
1448,openb-pod-2677,0,470,inf,11842.0,23077,29459
1449,openb-pod-2398,0,320,inf,2563.0,3865,6597
1450,openb-pod-4825,0,470,inf,1002.0,1896,2512
1451,openb-pod-6842,0,460,inf,3299.0,6470,8005
1452,openb-pod-6475,0,320,inf,1199.0,1841,3013
1453,openb-pod-4371,0,320,inf,6693.0,10699,16395
1454,openb-pod-5392,0,160,inf,1195.0,2338,2931
1455,openb-pod-1301,0,320,inf,5673.0,10269,15084
1456,openb-pod-7001,0,320,inf,1456.0,2121,3525
1457,openb-pod-3018,0,460,inf,1799.0,3536,4656
1458,openb-pod-2289,0,320,inf,30535.0,48340,77291
1459,openb-pod-2468,0,220,inf,1106.0,2211,2855
1460,openb-pod-6597,0,650,inf,5154.0,8170,12488
1461,openb-pod-1458,0,470,inf,37965.0,66346,97724
1462,openb-pod-5186,0,320,inf,2529.0,4741,6606
1463,openb-pod-6286,0,220,inf,2026.0,3306,5275
1464,openb-pod-8125,0,320,inf,5365.0,7661,12886
1465,openb-pod-3987,0,470,inf,1109.0,1850,2825
1466,openb-pod-1324,0,810,inf,42576.0,84839,111363
1467,openb-pod-2695,0,650,inf,13690.0,21952,36205
1468,openb-pod-4983,0,320,33265.0,15578.0,27711,40255
1469,openb-pod-6319,0,650,3862.0,1645.0,2645,4159
1470,openb-pod-2767,0,470,inf,1020.0,1933,2708
1471,openb-pod-4778,0,470,11096.0,4058.0,7946,9986
1472,openb-pod-5505,0,470,inf,1393.0,2754,3394
1473,openb-pod-5974,0,460,inf,11939.0,23773,29901
1474,openb-pod-6398,0,470,6949.0,3770.0,6511,9580
1475,openb-pod-6025,0,320,inf,8146.0,14962,20671
1476,openb-pod-1192,0,650,2458.0,1689.0,2430,4486
1477,openb-pod-2482,0,650,inf,1421.0,2134,3535
1478,openb-pod-2504,0,650,inf,1904.0,2740,4846
1479,openb-pod-2822,0,650,inf,1381.0,2639,3439
1480,openb-pod-7084,0,320,inf,1290.0,2560,3147
1481,openb-pod-2065,0,470,inf,5708.0,11297,15028
1482,openb-pod-5811,0,470,1665.0,1313.0,2469,3179
1483,openb-pod-4474,0,320,6809.0,4380.0,6168,11467
1484,openb-pod-7601,0,320,inf,10165.0,15334,25155
1485,openb-pod-1965,0,320,inf,5490.0,10742,14096
1486,openb-pod-6544,0,650,inf,1190.0,1889,3034
1487,openb-pod-3212,0,470,inf,2113.0,3881,5510
1488,openb-pod-6600,0,470,inf,1245.0,1998,3294
1489,openb-pod-2437,0,320,inf,8098.0,12470,19878
1490,openb-pod-2782,0,650,inf,1357.0,2635,3487
1491,openb-pod-2753,0,320,inf,1001.0,1510,2590
1492,openb-pod-4155,0,460,inf,193496.0,288434,465835
1493,openb-pod-7811,0,650,inf,11380.0,21877,28095
1494,openb-pod-1358,0,650,inf,1131.0,2115,2777
1495,openb-pod-3678,0,320,inf,10165.0,17222,24558
1496,openb-pod-7825,0,110,inf,5577.0,9481,13776
1497,openb-pod-1279,0,480,inf,5365.0,9192,12880
1498,openb-pod-6086,0,470,inf,1236.0,2155,3115
1499,openb-pod-1289,0,320,inf,4505.0,6474,11914
1500,openb-pod-7004,0,470,inf,1295.0,1967,3245
1501,openb-pod-3534,0,160,inf,1135.0,1916,2741
1502,openb-pod-2886,0,810,inf,133432.0,217749,329203
1503,openb-pod-3883,0,160,inf,4445.0,6359,11573
1504,openb-pod-1672,0,810,140721.0,50089.0,90781,124594
1505,openb-pod-6936,0,230,inf,1475.0,2732,3626
1506,openb-pod-6394,0,220,inf,8831.0,16286,22839
1507,openb-pod-2257,0,320,inf,4248.0,8242,10794
1508,openb-pod-3961,0,460,inf,4328.0,7571,10549
1509,openb-pod-6953,0,650,inf,1507.0,2196,3699
1510,openb-pod-7465,0,470,10724.0,4021.0,7344,10494
1511,openb-pod-1452,0,810,inf,235236.0,383744,567351
1512,openb-pod-7107,0,320,inf,1578.0,3155,3791
1513,openb-pod-6499,0,320,inf,26641.0,41176,67255
1514,openb-pod-2088,0,220,inf,1129.0,2085,2943
1515,openb-pod-7388,0,320,inf,1288.0,2384,3381
1516,openb-pod-1712,0,160,inf,3708.0,6874,9342
1517,openb-pod-2496,0,470,inf,14551.0,28614,34951
1518,openb-pod-5662,0,470,inf,6396.0,10863,15676
1519,openb-pod-6638,0,650,inf,1126.0,1665,2993
1520,openb-pod-4906,0,460,inf,2039.0,3113,5376
1521,openb-pod-6753,0,470,inf,10618.0,15283,26822
1522,openb-pod-5758,0,320,inf,4559.0,6703,12052
1523,openb-pod-1487,0,320,inf,8595.0,16931,21793
1524,openb-pod-6171,0,650,inf,2708.0,4562,6975
1525,openb-pod-5899,0,50,inf,7299.0,13029,18968
1526,openb-pod-4635,0,220,inf,4278.0,7386,10396
1527,openb-pod-2241,0,320,5912.0,2536.0,4639,6341
1528,openb-pod-1555,0,320,inf,10811.0,15194,28173
1529,openb-pod-5237,0,160,inf,24014.0,41248,62380
1530,openb-pod-5948,0,320,inf,10811.0,21391,25952
1531,openb-pod-7829,0,220,inf,13778.0,22457,35354
1532,openb-pod-6556,0,230,23297.0,10190.0,18451,24935
1533,openb-pod-3654,0,320,inf,26115.0,52130,64875
1534,openb-pod-8060,0,230,inf,17654.0,33697,44898
1535,openb-pod-5496,0,320,2742.0,1984.0,3366,4818
1536,openb-pod-6194,0,230,inf,2586.0,3631,6679
1537,openb-pod-7459,0,470,inf,9413.0,18288,23989
1538,openb-pod-1411,0,160,inf,2427.0,3582,6297
1539,openb-pod-5697,0,160,inf,1302.0,2193,3253
1540,openb-pod-1547,0,650,inf,1037.0,1973,2753
1541,openb-pod-6517,0,470,inf,4275.0,7444,10434
1542,openb-pod-6122,0,160,inf,4440.0,7627,10699
1543,openb-pod-7419,0,220,inf,3441.0,5213,8736
1544,openb-pod-2218,0,160,inf,37083.0,53431,96929
1545,openb-pod-2064,0,320,inf,4559.0,8617,11901
1546,openb-pod-7656,0,320,inf,2968.0,4364,7870
1547,openb-pod-1725,0,650,inf,1217.0,1966,3126
1548,openb-pod-6150,0,470,inf,7026.0,12265,17773
1549,openb-pod-4404,0,460,inf,14993.0,25275,37765
1550,openb-pod-6174,0,470,inf,1636.0,3216,3945
1551,openb-pod-4905,0,470,inf,2195.0,4078,5413
1552,openb-pod-2964,0,220,inf,9928.0,18823,25489
1553,openb-pod-4789,0,470,inf,5058.0,9901,12541
1554,openb-pod-3627,0,230,inf,3578.0,6232,9349
1555,openb-pod-3969,0,320,inf,16521.0,27879,40093
1556,openb-pod-7091,0,160,inf,26313.0,37276,65049
1557,openb-pod-3440,0,320,30628.0,23299.0,40484,58816
1558,openb-pod-7920,0,160,9458.0,5868.0,10521,14737
1559,openb-pod-7753,0,460,inf,1200.0,1868,2990
1560,openb-pod-2394,0,460,inf,1736.0,2961,4599
1561,openb-pod-4748,0,460,inf,193496.0,301498,492123
1562,openb-pod-1438,0,470,inf,3195.0,4834,8032
1563,openb-pod-1656,0,650,inf,1216.0,2196,3097
1564,openb-pod-8136,0,220,inf,72698.0,132790,191848
1565,openb-pod-7591,0,320,inf,1051.0,1498,2562
1566,openb-pod-5431,0,460,inf,1766.0,2821,4487
1567,openb-pod-4493,0,320,9111.0,3240.0,4741,8062
1568,openb-pod-5095,0,320,inf,1945.0,2900,5002
1569,openb-pod-3711,0,320,inf,1290.0,2409,3395
1570,openb-pod-2894,0,470,inf,11841.0,19069,29503
1571,openb-pod-3194,0,810,inf,38852.0,69528,98037
1572,openb-pod-1491,0,330,inf,18162.0,26024,44402
1573,openb-pod-7639,0,470,inf,1607.0,2598,4166
1574,openb-pod-6891,0,320,inf,9379.0,16339,24923
1575,openb-pod-3621,0,160,inf,2701.0,3799,7108
1576,openb-pod-1096,0,460,inf,25439.0,44592,67073
1577,openb-pod-4670,0,650,inf,1727.0,2713,4534
1578,openb-pod-1618,0,810,inf,39216.0,67358,102194
1579,openb-pod-6470,0,470,inf,37965.0,54616,92652
1580,openb-pod-2530,0,320,inf,1518.0,2995,3651
1581,openb-pod-1826,0,470,inf,3184.0,6166,7727
1582,openb-pod-5770,0,460,inf,1018.0,1584,2684
1583,openb-pod-1819,0,460,inf,7799.0,13639,20664
1584,openb-pod-7165,0,320,inf,2563.0,3893,6766
1585,openb-pod-2370,0,320,inf,20410.0,30090,52110
1586,openb-pod-2679,0,220,inf,13778.0,26534,34165
1587,openb-pod-7469,0,320,inf,1151.0,2222,2816
1588,openb-pod-4288,0,650,inf,1414.0,1983,3733
